case,group,batch_size,layer,decode_step,experts,read_bytes,design_index,design,outstanding,makespan_slots,home_relative_ratio,lower_bound_slots,export_lane_bits,endpoint_storage_bits,access_wire_bit_mm
g0_b1,g0,1,0,17,8,151031808,0,home_h256s0_d00_direct,128,36878,1.0,18439,8192,8192,120832.0
g0_b1,g0,1,0,17,8,151031808,0,home_h256s0_d00_direct,192,36878,1.0,18439,8192,8192,120832.0
g0_b1,g0,1,0,17,8,151031808,1,k2_23_h256s256_d00_direct,128,27660,1.3332610267534346,18439,16384,8192,241561.59999999986
g0_b1,g0,1,0,17,8,151031808,1,k2_23_h256s256_d00_direct,192,18442,1.9996746556772584,18439,16384,8192,241561.59999999986
g0_b1,g0,1,0,17,8,151031808,2,k3_23_random9_maxweight_h256s256_d00_direct,128,27660,1.3332610267534346,13828,24576,8192,474163.1999999995
g0_b1,g0,1,0,17,8,151031808,2,k3_23_random9_maxweight_h256s256_d00_direct,192,18442,1.9996746556772584,9221,24576,8192,474163.1999999995
g0_b1,g0,1,0,17,8,151031808,6,k3_23_random9_maxweight_h256s160_d12_buffered_shared_egress,128,31678,1.1641517772586654,15601,18432,24576,341664.0
g0_b1,g0,1,0,17,8,151031808,6,k3_23_random9_maxweight_h256s160_d12_buffered_shared_egress,192,23642,1.5598511124270367,11348,18432,24576,341664.0
g0_b16,g0,16,0,17,82,1548076032,0,home_h256s0_d00_direct,128,73756,1.0,18439,8192,8192,120832.0
g0_b16,g0,16,0,17,82,1548076032,0,home_h256s0_d00_direct,192,73756,1.0,18439,8192,8192,120832.0
g0_b16,g0,16,0,17,82,1548076032,1,k2_23_h256s256_d00_direct,128,69147,1.06665509711195,18439,16384,8192,241561.59999999986
g0_b16,g0,16,0,17,82,1548076032,1,k2_23_h256s256_d00_direct,192,64538,1.142830580433233,18439,16384,8192,241561.59999999986
g0_b16,g0,16,0,17,82,1548076032,2,k3_23_random9_maxweight_h256s256_d00_direct,128,69147,1.06665509711195,13828,24576,8192,474163.1999999995
g0_b16,g0,16,0,17,82,1548076032,2,k3_23_random9_maxweight_h256s256_d00_direct,192,64538,1.142830580433233,9221,24576,8192,474163.1999999995
g0_b16,g0,16,0,17,82,1548076032,6,k3_23_random9_maxweight_h256s160_d12_buffered_shared_egress,128,71156,1.0365394344819832,15601,18432,24576,341664.0
g0_b16,g0,16,0,17,82,1548076032,6,k3_23_random9_maxweight_h256s160_d12_buffered_shared_egress,192,67138,1.0985730882659597,11348,18432,24576,341664.0
g0_b4,g0,4,0,17,31,585248256,0,home_h256s0_d00_direct,128,55317,1.0,18439,8192,8192,120832.0
g0_b4,g0,4,0,17,31,585248256,0,home_h256s0_d00_direct,192,55317,1.0,18439,8192,8192,120832.0
g0_b4,g0,4,0,17,31,585248256,1,k2_23_h256s256_d00_direct,128,46099,1.1999609535998612,18439,16384,8192,241561.59999999986
g0_b4,g0,4,0,17,31,585248256,1,k2_23_h256s256_d00_direct,192,36881,1.4998779859548277,18439,16384,8192,241561.59999999986
g0_b4,g0,4,0,17,31,585248256,2,k3_23_random9_maxweight_h256s256_d00_direct,128,46099,1.1999609535998612,13828,24576,8192,474163.1999999995
g0_b4,g0,4,0,17,31,585248256,2,k3_23_random9_maxweight_h256s256_d00_direct,192,36881,1.4998779859548277,9221,24576,8192,474163.1999999995
g0_b4,g0,4,0,17,31,585248256,6,k3_23_random9_maxweight_h256s160_d12_buffered_shared_egress,128,50117,1.103757208132969,15601,18432,24576,341664.0
g0_b4,g0,4,0,17,31,585248256,6,k3_23_random9_maxweight_h256s160_d12_buffered_shared_egress,192,42081,1.3145362515149355,11348,18432,24576,341664.0
g1_b1,g1,1,39,65,8,151031808,0,home_h256s0_d00_direct,192,36878,1.0,18439,8192,8192,120832.0
g1_b1,g1,1,39,65,8,151031808,1,k2_23_h256s256_d00_direct,192,36878,1.0,18439,16384,8192,241561.59999999986
g1_b1,g1,1,39,65,8,151031808,2,k3_23_random9_maxweight_h256s256_d00_direct,192,18442,1.9996746556772584,9221,24576,8192,474163.1999999995
g1_b1,g1,1,39,65,8,151031808,6,k3_23_random9_maxweight_h256s160_d12_buffered_shared_egress,192,23642,1.5598511124270367,11348,18432,24576,341664.0
g1_b16,g1,16,39,65,67,1264891392,0,home_h256s0_d00_direct,192,73756,1.0,18439,8192,8192,120832.0
g1_b16,g1,16,39,65,67,1264891392,1,k2_23_h256s256_d00_direct,192,64538,1.142830580433233,18439,16384,8192,241561.59999999986
g1_b16,g1,16,39,65,67,1264891392,2,k3_23_random9_maxweight_h256s256_d00_direct,192,64538,1.142830580433233,9221,24576,8192,474163.1999999995
g1_b16,g1,16,39,65,67,1264891392,6,k3_23_random9_maxweight_h256s160_d12_buffered_shared_egress,192,67138,1.0985730882659597,11348,18432,24576,341664.0
g1_b4,g1,4,39,65,30,566369280,0,home_h256s0_d00_direct,192,36878,1.0,18439,8192,8192,120832.0
g1_b4,g1,4,39,65,30,566369280,1,k2_23_h256s256_d00_direct,192,36878,1.0,18439,16384,8192,241561.59999999986
g1_b4,g1,4,39,65,30,566369280,2,k3_23_random9_maxweight_h256s256_d00_direct,192,36879,0.9999728842972966,9221,24576,8192,474163.1999999995
g1_b4,g1,4,39,65,30,566369280,6,k3_23_random9_maxweight_h256s160_d12_buffered_shared_egress,192,36878,1.0,11348,18432,24576,341664.0
g2_b1,g2,1,78,113,8,151031808,0,home_h256s0_d00_direct,192,55317,1.0,18439,8192,8192,120832.0
g2_b1,g2,1,78,113,8,151031808,1,k2_23_h256s256_d00_direct,192,27663,1.9996746556772584,18439,16384,8192,241561.59999999986
g2_b1,g2,1,78,113,8,151031808,2,k3_23_random9_maxweight_h256s256_d00_direct,192,27663,1.9996746556772584,9221,24576,8192,474163.1999999995
g2_b1,g2,1,78,113,8,151031808,6,k3_23_random9_maxweight_h256s160_d12_buffered_shared_egress,192,35463,1.5598511124270367,11348,18432,24576,341664.0
g2_b16,g2,16,78,113,78,1472560128,0,home_h256s0_d00_direct,192,73756,1.0,18439,8192,8192,120832.0
g2_b16,g2,16,78,113,78,1472560128,1,k2_23_h256s256_d00_direct,192,73756,1.0,18439,16384,8192,241561.59999999986
g2_b16,g2,16,78,113,78,1472560128,2,k3_23_random9_maxweight_h256s256_d00_direct,192,55321,1.3332369263028507,9221,24576,8192,474163.1999999995
g2_b16,g2,16,78,113,78,1472560128,6,k3_23_random9_maxweight_h256s160_d12_buffered_shared_egress,192,60520,1.2187045604758757,11348,18432,24576,341664.0
g2_b4,g2,4,78,113,31,585248256,0,home_h256s0_d00_direct,192,55317,1.0,18439,8192,8192,120832.0
g2_b4,g2,4,78,113,31,585248256,1,k2_23_h256s256_d00_direct,192,36881,1.4998779859548277,18439,16384,8192,241561.59999999986
g2_b4,g2,4,78,113,31,585248256,2,k3_23_random9_maxweight_h256s256_d00_direct,192,36882,1.4998373190174068,9221,24576,8192,474163.1999999995
g2_b4,g2,4,78,113,31,585248256,6,k3_23_random9_maxweight_h256s160_d12_buffered_shared_egress,192,42081,1.3145362515149355,11348,18432,24576,341664.0
