target_words_per_slot,engines,required_shared_words_per_slot,minimum_engines_necessary,rate_upper_words_per_slot,reoptimized_split_normalized_upper,scope
32,1,160/13,20,13/8,261/256,"Aggregate capacity only; cross-bank binding, input transport and arbitration omitted"
52,1,20,32,13/8,261/256,"Aggregate capacity only; cross-bank binding, input transport and arbitration omitted"
32,2,160/13,20,13/4,133/128,"Aggregate capacity only; cross-bank binding, input transport and arbitration omitted"
52,2,20,32,13/4,133/128,"Aggregate capacity only; cross-bank binding, input transport and arbitration omitted"
32,4,160/13,20,13/2,69/64,"Aggregate capacity only; cross-bank binding, input transport and arbitration omitted"
52,4,20,32,13/2,69/64,"Aggregate capacity only; cross-bank binding, input transport and arbitration omitted"
32,8,160/13,20,13,37/32,"Aggregate capacity only; cross-bank binding, input transport and arbitration omitted"
52,8,20,32,13,37/32,"Aggregate capacity only; cross-bank binding, input transport and arbitration omitted"
32,16,160/13,20,26,21/16,"Aggregate capacity only; cross-bank binding, input transport and arbitration omitted"
52,16,20,32,26,21/16,"Aggregate capacity only; cross-bank binding, input transport and arbitration omitted"
32,20,160/13,20,65/2,89/64,"Aggregate capacity only; cross-bank binding, input transport and arbitration omitted"
52,20,20,32,65/2,89/64,"Aggregate capacity only; cross-bank binding, input transport and arbitration omitted"
32,24,160/13,20,39,47/32,"Aggregate capacity only; cross-bank binding, input transport and arbitration omitted"
52,24,20,32,39,47/32,"Aggregate capacity only; cross-bank binding, input transport and arbitration omitted"
32,32,160/13,20,52,13/8,"Aggregate capacity only; cross-bank binding, input transport and arbitration omitted"
52,32,20,32,52,13/8,"Aggregate capacity only; cross-bank binding, input transport and arbitration omitted"
