case,label,window,design_sha256,trace_sha256,residence_sha256,makespan_slots,lower_slots,dag_lower_slots,aggregate_cut_lower_slots,compute_serial_lower_slots,unexplained_slots,delivered_words,source_path,source_sha256
g0_b1,home,128,118be0894887fa965204845c3b689c46482538177b504c80e7306cfa2921f7da,39789c3038cde2532e8b882a951d91d4914c10feb0d2cb7f91f7a90798a89db4,b600312a332d76bba01aa88a336846dffba25f607c26ff884752ed1c1799d30c,36878,36878,18439,36874,36878,0,4719744,artifacts/results/workload/patterns_replay/flow/g0_b1/design0_n128.json.gz,8a1c4f3fb8a3dff89f3cfbe1b3dac3c443b847d1db2e6416b2d071f535bc7291
g0_b1,k2,128,4cb812d06bfdde84ba85d843190d2ada694f0ecd48c6832d35d984ace11b9296,39789c3038cde2532e8b882a951d91d4914c10feb0d2cb7f91f7a90798a89db4,25cbcf7c64c8ec3c07d814f553956ae704af2c8bbfe436fc40c0cb2b0f5df375,27660,27656,18439,18438,27656,4,4719744,artifacts/results/workload/patterns_replay/flow/g0_b1/design1_n128.json.gz,deb8519fa3fa50917e4557e130d6d0df5facd5abe74a6ced1fa479c2955d6693
g0_b1,wide,128,94321a975c70ac8fbf00a5330e11c4fbed779a1ae0de6bae5c284b7757c5a8d6,39789c3038cde2532e8b882a951d91d4914c10feb0d2cb7f91f7a90798a89db4,840a786bc3bb6f9068a45171ed8b7bcfe15c0c3267598f4c06233bdf8795ad68,27660,27656,13828,18438,27656,4,4719744,artifacts/results/workload/patterns_replay/flow/g0_b1/design2_n128.json.gz,c2fcf7e6cf153dd88f3c98cc36dd564801b952035a554d8213ef37b5b311b240
g0_b1,b_cfg,128,3b5455207e3dc5a2fd471306df55e19b6e9e80b19b2b1dc06484e8ce5fa4d83d,39789c3038cde2532e8b882a951d91d4914c10feb0d2cb7f91f7a90798a89db4,933100c3006a074219282cc3aa2606458b2693c182f72aae34d1a2492b0fa4a7,31678,31202,15601,22692,31202,476,4719744,artifacts/results/workload/patterns_replay/flow/g0_b1/design6_n128.json.gz,e4e1087d7a6a4468765bcb976e6f219f048cddf152956497e5c2f0c012eabb93
g0_b1,home,192,118be0894887fa965204845c3b689c46482538177b504c80e7306cfa2921f7da,39789c3038cde2532e8b882a951d91d4914c10feb0d2cb7f91f7a90798a89db4,b600312a332d76bba01aa88a336846dffba25f607c26ff884752ed1c1799d30c,36878,36878,18439,36874,36878,0,4719744,artifacts/results/workload/patterns_replay/flow/g0_b1/design0_n192.json.gz,2371e605c3326cf5ba2a42cd21bd41ec0dfa2f9840abdd3eb0348f2266a2d23b
g0_b1,k2,192,4cb812d06bfdde84ba85d843190d2ada694f0ecd48c6832d35d984ace11b9296,39789c3038cde2532e8b882a951d91d4914c10feb0d2cb7f91f7a90798a89db4,25cbcf7c64c8ec3c07d814f553956ae704af2c8bbfe436fc40c0cb2b0f5df375,18442,18442,18439,18438,18442,0,4719744,artifacts/results/workload/patterns_replay/flow/g0_b1/design1_n192.json.gz,a4ccc3066cce74362f007adccb09f5f7c0284ff7f4946e13f20061389d56a72d
g0_b1,wide,192,94321a975c70ac8fbf00a5330e11c4fbed779a1ae0de6bae5c284b7757c5a8d6,39789c3038cde2532e8b882a951d91d4914c10feb0d2cb7f91f7a90798a89db4,840a786bc3bb6f9068a45171ed8b7bcfe15c0c3267598f4c06233bdf8795ad68,18442,18442,9221,18438,18442,0,4719744,artifacts/results/workload/patterns_replay/flow/g0_b1/design2_n192.json.gz,aba4a466acd9278a2ad5836234a6539e273b320007ddc451e4c3bf4817c85e60
g0_b1,b_cfg,192,3b5455207e3dc5a2fd471306df55e19b6e9e80b19b2b1dc06484e8ce5fa4d83d,39789c3038cde2532e8b882a951d91d4914c10feb0d2cb7f91f7a90798a89db4,933100c3006a074219282cc3aa2606458b2693c182f72aae34d1a2492b0fa4a7,23642,22696,11348,22692,22696,946,4719744,artifacts/results/workload/patterns_replay/flow/g0_b1/design6_n192.json.gz,bd2e8bbbbccc831895ef14d832ecba27f8db72c81f7ba4b95c3124f65c415967
g0_b16,home,128,118be0894887fa965204845c3b689c46482538177b504c80e7306cfa2921f7da,f82e2d68e96986fea242a0e983a14ee8c6cd8e9655ca7aba697a58210b2ec8cb,b600312a332d76bba01aa88a336846dffba25f607c26ff884752ed1c1799d30c,73756,73756,18439,73748,73756,0,48377376,artifacts/results/workload/patterns_replay/flow/g0_b16/design0_n128.json.gz,3fe2daf1a59121a766e048c648facfd082250fc94b0da38e1bc0918faec0599f
g0_b16,k2,128,4cb812d06bfdde84ba85d843190d2ada694f0ecd48c6832d35d984ace11b9296,f82e2d68e96986fea242a0e983a14ee8c6cd8e9655ca7aba697a58210b2ec8cb,25cbcf7c64c8ec3c07d814f553956ae704af2c8bbfe436fc40c0cb2b0f5df375,69147,64530,18439,64530,55317,4617,48377376,artifacts/results/workload/patterns_replay/flow/g0_b16/design1_n128.json.gz,1401683ac2d828e2c354d5cf279c004e6ed9f436697f2e5f9e38bc66e22c75c8
g0_b16,wide,128,94321a975c70ac8fbf00a5330e11c4fbed779a1ae0de6bae5c284b7757c5a8d6,f82e2d68e96986fea242a0e983a14ee8c6cd8e9655ca7aba697a58210b2ec8cb,840a786bc3bb6f9068a45171ed8b7bcfe15c0c3267598f4c06233bdf8795ad68,69147,64533,13828,64533,55312,4614,48377376,artifacts/results/workload/patterns_replay/flow/g0_b16/design2_n128.json.gz,485291ff36c220d920bdf8540fe25e9f9264cdfe8a0096bdbab7975025d3172d
g0_b16,b_cfg,128,3b5455207e3dc5a2fd471306df55e19b6e9e80b19b2b1dc06484e8ce5fa4d83d,f82e2d68e96986fea242a0e983a14ee8c6cd8e9655ca7aba697a58210b2ec8cb,933100c3006a074219282cc3aa2606458b2693c182f72aae34d1a2492b0fa4a7,71156,66657,15601,66657,62404,4499,48377376,artifacts/results/workload/patterns_replay/flow/g0_b16/design6_n128.json.gz,bd0ab267d6dd4894dafd2ba88acae23558b31eb10ea1161ea65172e5dde7bb07
g0_b16,home,192,118be0894887fa965204845c3b689c46482538177b504c80e7306cfa2921f7da,f82e2d68e96986fea242a0e983a14ee8c6cd8e9655ca7aba697a58210b2ec8cb,b600312a332d76bba01aa88a336846dffba25f607c26ff884752ed1c1799d30c,73756,73756,18439,73748,73756,0,48377376,artifacts/results/workload/patterns_replay/flow/g0_b16/design0_n192.json.gz,b0d5c22f5e5a26258a0bd8a971d0a925868de9934247ae6ee683fe160cca1131
g0_b16,k2,192,4cb812d06bfdde84ba85d843190d2ada694f0ecd48c6832d35d984ace11b9296,f82e2d68e96986fea242a0e983a14ee8c6cd8e9655ca7aba697a58210b2ec8cb,25cbcf7c64c8ec3c07d814f553956ae704af2c8bbfe436fc40c0cb2b0f5df375,64538,64530,18439,64530,55317,8,48377376,artifacts/results/workload/patterns_replay/flow/g0_b16/design1_n192.json.gz,40a8677c54c617c2b9c4c7a3e5e4285174eb13d441f7793ecedd523de081e69e
g0_b16,wide,192,94321a975c70ac8fbf00a5330e11c4fbed779a1ae0de6bae5c284b7757c5a8d6,f82e2d68e96986fea242a0e983a14ee8c6cd8e9655ca7aba697a58210b2ec8cb,840a786bc3bb6f9068a45171ed8b7bcfe15c0c3267598f4c06233bdf8795ad68,64538,64533,9221,64533,36884,5,48377376,artifacts/results/workload/patterns_replay/flow/g0_b16/design2_n192.json.gz,61ba066aede47ea5785d1aeed66819d0cd87b6fb81eeb7db1b9c53db355cd5b6
g0_b16,b_cfg,192,3b5455207e3dc5a2fd471306df55e19b6e9e80b19b2b1dc06484e8ce5fa4d83d,f82e2d68e96986fea242a0e983a14ee8c6cd8e9655ca7aba697a58210b2ec8cb,933100c3006a074219282cc3aa2606458b2693c182f72aae34d1a2492b0fa4a7,67138,66657,11348,66657,45392,481,48377376,artifacts/results/workload/patterns_replay/flow/g0_b16/design6_n192.json.gz,1e778de1bfde331713a8403c9842661d4af62f55abd34d7e71149a0b90d5222d
g0_b4,home,128,118be0894887fa965204845c3b689c46482538177b504c80e7306cfa2921f7da,c1d7b65cac88d3eb966cb7878416af5c08dbf7d518d9d65a31ba01c28b903f18,b600312a332d76bba01aa88a336846dffba25f607c26ff884752ed1c1799d30c,55317,55317,18439,55311,55317,0,18289008,artifacts/results/workload/patterns_replay/flow/g0_b4/design0_n128.json.gz,b7520ba4adb439e3e27744f9b08cdeba6309ec74d37bc3169ff26d0860b2661f
g0_b4,k2,128,4cb812d06bfdde84ba85d843190d2ada694f0ecd48c6832d35d984ace11b9296,c1d7b65cac88d3eb966cb7878416af5c08dbf7d518d9d65a31ba01c28b903f18,25cbcf7c64c8ec3c07d814f553956ae704af2c8bbfe436fc40c0cb2b0f5df375,46099,41484,18439,36875,41484,4615,18289008,artifacts/results/workload/patterns_replay/flow/g0_b4/design1_n128.json.gz,ebfc6fe04dde059a907886c6f60676722541580778401ee1c5099b4b0bff6a1a
g0_b4,wide,128,94321a975c70ac8fbf00a5330e11c4fbed779a1ae0de6bae5c284b7757c5a8d6,c1d7b65cac88d3eb966cb7878416af5c08dbf7d518d9d65a31ba01c28b903f18,840a786bc3bb6f9068a45171ed8b7bcfe15c0c3267598f4c06233bdf8795ad68,46099,41484,13828,36876,41484,4615,18289008,artifacts/results/workload/patterns_replay/flow/g0_b4/design2_n128.json.gz,0cc81121c8967701874415b457b2243ecaf14c5428f84aa358c0dc451923cc4c
g0_b4,b_cfg,128,3b5455207e3dc5a2fd471306df55e19b6e9e80b19b2b1dc06484e8ce5fa4d83d,c1d7b65cac88d3eb966cb7878416af5c08dbf7d518d9d65a31ba01c28b903f18,933100c3006a074219282cc3aa2606458b2693c182f72aae34d1a2492b0fa4a7,50117,46803,15601,41129,46803,3314,18289008,artifacts/results/workload/patterns_replay/flow/g0_b4/design6_n128.json.gz,c4009bb1fc49c6353d185883b211968f3cf41e9084f428de0f45c35facfda601
g0_b4,home,192,118be0894887fa965204845c3b689c46482538177b504c80e7306cfa2921f7da,c1d7b65cac88d3eb966cb7878416af5c08dbf7d518d9d65a31ba01c28b903f18,b600312a332d76bba01aa88a336846dffba25f607c26ff884752ed1c1799d30c,55317,55317,18439,55311,55317,0,18289008,artifacts/results/workload/patterns_replay/flow/g0_b4/design0_n192.json.gz,538bd5e3cd8d07514c631e2a7babd39b4484d6fdc6c1975fa79006ea27a3b495
g0_b4,k2,192,4cb812d06bfdde84ba85d843190d2ada694f0ecd48c6832d35d984ace11b9296,c1d7b65cac88d3eb966cb7878416af5c08dbf7d518d9d65a31ba01c28b903f18,25cbcf7c64c8ec3c07d814f553956ae704af2c8bbfe436fc40c0cb2b0f5df375,36881,36875,18439,36875,27663,6,18289008,artifacts/results/workload/patterns_replay/flow/g0_b4/design1_n192.json.gz,f6be7428243f855b8234b34eed1816d73bc9095816ddc848615ca2c8f24d9cc8
g0_b4,wide,192,94321a975c70ac8fbf00a5330e11c4fbed779a1ae0de6bae5c284b7757c5a8d6,c1d7b65cac88d3eb966cb7878416af5c08dbf7d518d9d65a31ba01c28b903f18,840a786bc3bb6f9068a45171ed8b7bcfe15c0c3267598f4c06233bdf8795ad68,36881,36876,9221,36876,27663,5,18289008,artifacts/results/workload/patterns_replay/flow/g0_b4/design2_n192.json.gz,10eacb0687862cc5e19a98f3140a76b4bdbad76d01cc98675fa87dcb0b657864
g0_b4,b_cfg,192,3b5455207e3dc5a2fd471306df55e19b6e9e80b19b2b1dc06484e8ce5fa4d83d,c1d7b65cac88d3eb966cb7878416af5c08dbf7d518d9d65a31ba01c28b903f18,933100c3006a074219282cc3aa2606458b2693c182f72aae34d1a2492b0fa4a7,42081,41129,11348,41129,34044,952,18289008,artifacts/results/workload/patterns_replay/flow/g0_b4/design6_n192.json.gz,616a6038b2903f5dcef9cf80c5fdbd1d568d7ca3d3758c4a35688f559e6189f9
g1_b1,home,192,118be0894887fa965204845c3b689c46482538177b504c80e7306cfa2921f7da,e4675778f4cf6292e31694374e954e4e456d7c8f379551f4dd8b942898f4335e,a2df578cb3cac2617886d332018d27bf446cc8c3ddcae20d85d5c326be3290db,36878,36878,18439,36874,36878,0,4719744,artifacts/results/workload/patterns_replay/flow/g1_b1/design0_n192.json.gz,a08c0ce2a9726001d93f9cb6be46377b2b46594511247cc3dba5d8d4ead3fbd4
g1_b1,k2,192,4cb812d06bfdde84ba85d843190d2ada694f0ecd48c6832d35d984ace11b9296,e4675778f4cf6292e31694374e954e4e456d7c8f379551f4dd8b942898f4335e,b5467c509a7fbf319c811fd254d4b3a1d2b2af153a2eaa89dc285a835fec309d,36878,36878,18439,36874,36878,0,4719744,artifacts/results/workload/patterns_replay/flow/g1_b1/design1_n192.json.gz,4ea18543ab402078c50cf842dc90bfc2556b346973ffc2f2d31f08d446edb4ee
g1_b1,wide,192,94321a975c70ac8fbf00a5330e11c4fbed779a1ae0de6bae5c284b7757c5a8d6,e4675778f4cf6292e31694374e954e4e456d7c8f379551f4dd8b942898f4335e,d88d2f2b5ee04f2d17ef37d8aa8816138ead60921e5147c4888c069337662af5,18442,18442,9221,18438,18442,0,4719744,artifacts/results/workload/patterns_replay/flow/g1_b1/design2_n192.json.gz,45d290bf6535ffdeba53a0cd0ae019141524f9dd7cf85e1457b4d2e0c4879871
g1_b1,b_cfg,192,3b5455207e3dc5a2fd471306df55e19b6e9e80b19b2b1dc06484e8ce5fa4d83d,e4675778f4cf6292e31694374e954e4e456d7c8f379551f4dd8b942898f4335e,40f52ed15d9632edb102667a60c1a9e3cf752716134d016427895a10920bbd9b,23642,22696,11348,22692,22696,946,4719744,artifacts/results/workload/patterns_replay/flow/g1_b1/design6_n192.json.gz,e097f7627ab43548515a0d678bfdaf98432d85c58380531dbb260cd44f302628
g1_b16,home,192,118be0894887fa965204845c3b689c46482538177b504c80e7306cfa2921f7da,81a574627d5be1fb2cbb708f48d4f08d1bf9fa8701089bf35caebd39f0d7f083,a2df578cb3cac2617886d332018d27bf446cc8c3ddcae20d85d5c326be3290db,73756,73756,18439,73748,73756,0,39527856,artifacts/results/workload/patterns_replay/flow/g1_b16/design0_n192.json.gz,02b36ff1b6106b02a50959f1525cd73380e2677b7b18cfcd6ada9b9f315ead47
g1_b16,k2,192,4cb812d06bfdde84ba85d843190d2ada694f0ecd48c6832d35d984ace11b9296,81a574627d5be1fb2cbb708f48d4f08d1bf9fa8701089bf35caebd39f0d7f083,b5467c509a7fbf319c811fd254d4b3a1d2b2af153a2eaa89dc285a835fec309d,64538,64530,18439,64530,55317,8,39527856,artifacts/results/workload/patterns_replay/flow/g1_b16/design1_n192.json.gz,447300fe5ad983e59659cd0c5a85a39889e4676ae3be9f9ee0d6cef117350e35
g1_b16,wide,192,94321a975c70ac8fbf00a5330e11c4fbed779a1ae0de6bae5c284b7757c5a8d6,81a574627d5be1fb2cbb708f48d4f08d1bf9fa8701089bf35caebd39f0d7f083,d88d2f2b5ee04f2d17ef37d8aa8816138ead60921e5147c4888c069337662af5,64538,64533,9221,64533,36884,5,39527856,artifacts/results/workload/patterns_replay/flow/g1_b16/design2_n192.json.gz,8b531b0372867daac504129b66dbfacc8bda5c02c236bed0a99e185435930b3a
g1_b16,b_cfg,192,3b5455207e3dc5a2fd471306df55e19b6e9e80b19b2b1dc06484e8ce5fa4d83d,81a574627d5be1fb2cbb708f48d4f08d1bf9fa8701089bf35caebd39f0d7f083,40f52ed15d9632edb102667a60c1a9e3cf752716134d016427895a10920bbd9b,67138,66657,11348,66657,45392,481,39527856,artifacts/results/workload/patterns_replay/flow/g1_b16/design6_n192.json.gz,1e2a930c7a5ce4260096fd6f170ac0de659f03f50707f744aaaed6a5fa7de525
g1_b4,home,192,118be0894887fa965204845c3b689c46482538177b504c80e7306cfa2921f7da,a65ca969a2fee9332bb70436a6d8428f04d104377414eba156f42b864fa14ddd,a2df578cb3cac2617886d332018d27bf446cc8c3ddcae20d85d5c326be3290db,36878,36878,18439,36874,36878,0,17699040,artifacts/results/workload/patterns_replay/flow/g1_b4/design0_n192.json.gz,a2a2f28dd1df04f1416b82f46863c51ceb5470ccf192845ca783402e23a30bfd
g1_b4,k2,192,4cb812d06bfdde84ba85d843190d2ada694f0ecd48c6832d35d984ace11b9296,a65ca969a2fee9332bb70436a6d8428f04d104377414eba156f42b864fa14ddd,b5467c509a7fbf319c811fd254d4b3a1d2b2af153a2eaa89dc285a835fec309d,36878,36878,18439,36874,36878,0,17699040,artifacts/results/workload/patterns_replay/flow/g1_b4/design1_n192.json.gz,a5997705da20d2744da65aac3a2186120a01f18abc6e976989c874c3c0715fed
g1_b4,wide,192,94321a975c70ac8fbf00a5330e11c4fbed779a1ae0de6bae5c284b7757c5a8d6,a65ca969a2fee9332bb70436a6d8428f04d104377414eba156f42b864fa14ddd,d88d2f2b5ee04f2d17ef37d8aa8816138ead60921e5147c4888c069337662af5,36879,36876,9221,36876,18442,3,17699040,artifacts/results/workload/patterns_replay/flow/g1_b4/design2_n192.json.gz,e7373cec7584d2d725b9fce2f9c5e8857abbbb68357f7515cb89d0168e097302
g1_b4,b_cfg,192,3b5455207e3dc5a2fd471306df55e19b6e9e80b19b2b1dc06484e8ce5fa4d83d,a65ca969a2fee9332bb70436a6d8428f04d104377414eba156f42b864fa14ddd,40f52ed15d9632edb102667a60c1a9e3cf752716134d016427895a10920bbd9b,36878,36874,11348,36874,22696,4,17699040,artifacts/results/workload/patterns_replay/flow/g1_b4/design6_n192.json.gz,e0478729d62f6b2b8dde80edb8cbb2a2bfa14a01ae7dc60deb42bf815042a601
g2_b1,home,192,118be0894887fa965204845c3b689c46482538177b504c80e7306cfa2921f7da,70ab92c68b8b42fe60af24d4d79f41339768cf63ecb75bf64868ef985e0e8b57,03b336a2bb5f5396b995d47add62945245e307fb3208c9df168796f504ced76e,55317,55317,18439,55311,55317,0,4719744,artifacts/results/workload/patterns_replay/flow/g2_b1/design0_n192.json.gz,5725416ee5687af030582fa79ec5d4167e8d3c78e948b55758152e47d9beda89
g2_b1,k2,192,4cb812d06bfdde84ba85d843190d2ada694f0ecd48c6832d35d984ace11b9296,70ab92c68b8b42fe60af24d4d79f41339768cf63ecb75bf64868ef985e0e8b57,922bf892dff6a63d506d4b1ad20c61f3b52693b0c34748ef0672ab3561adf5e6,27663,27663,18439,27657,27663,0,4719744,artifacts/results/workload/patterns_replay/flow/g2_b1/design1_n192.json.gz,175208ee18f3c6f792b079bd5938d3610b2948aba75b66d6a19b830bbce0df26
g2_b1,wide,192,94321a975c70ac8fbf00a5330e11c4fbed779a1ae0de6bae5c284b7757c5a8d6,70ab92c68b8b42fe60af24d4d79f41339768cf63ecb75bf64868ef985e0e8b57,767db4f679eec77003987392d9b82478332ff9057810297c3bdc6161a1d61468,27663,27663,9221,27657,27663,0,4719744,artifacts/results/workload/patterns_replay/flow/g2_b1/design2_n192.json.gz,a89dfad592f44a603ff18cf1bb64fcfc6a7231619a30b80d8773c55349818d18
g2_b1,b_cfg,192,3b5455207e3dc5a2fd471306df55e19b6e9e80b19b2b1dc06484e8ce5fa4d83d,70ab92c68b8b42fe60af24d4d79f41339768cf63ecb75bf64868ef985e0e8b57,aa9d259d3e622b8a70c125c1a97a358bfa9581edf95e691d7bffe5655d36a973,35463,34044,11348,34038,34044,1419,4719744,artifacts/results/workload/patterns_replay/flow/g2_b1/design6_n192.json.gz,8d6ec0df2b819db3d84bcb9a1549857a91fa646fa096a208abc101dc8cac94b5
g2_b16,home,192,118be0894887fa965204845c3b689c46482538177b504c80e7306cfa2921f7da,3ce0e4a353032d86908717c27d0d9502eb869168cb3cdfea190894e8807c0ef6,03b336a2bb5f5396b995d47add62945245e307fb3208c9df168796f504ced76e,73756,73756,18439,73748,73756,0,46017504,artifacts/results/workload/patterns_replay/flow/g2_b16/design0_n192.json.gz,e3a0f6f16b4c6d60a1eab3fb513b5d877dd8ad998cb2675083d21a9bd2f68f21
g2_b16,k2,192,4cb812d06bfdde84ba85d843190d2ada694f0ecd48c6832d35d984ace11b9296,3ce0e4a353032d86908717c27d0d9502eb869168cb3cdfea190894e8807c0ef6,922bf892dff6a63d506d4b1ad20c61f3b52693b0c34748ef0672ab3561adf5e6,73756,73756,18439,73748,73756,0,46017504,artifacts/results/workload/patterns_replay/flow/g2_b16/design1_n192.json.gz,c904a90742821d577f023e088d7926a9e35cb6c47a38467edd5ac20879757cf9
g2_b16,wide,192,94321a975c70ac8fbf00a5330e11c4fbed779a1ae0de6bae5c284b7757c5a8d6,3ce0e4a353032d86908717c27d0d9502eb869168cb3cdfea190894e8807c0ef6,767db4f679eec77003987392d9b82478332ff9057810297c3bdc6161a1d61468,55321,55314,9221,55314,36884,7,46017504,artifacts/results/workload/patterns_replay/flow/g2_b16/design2_n192.json.gz,3b7530ad959099c64665b3745905721f85d1bba85230a79f4441c89696023fb0
g2_b16,b_cfg,192,3b5455207e3dc5a2fd471306df55e19b6e9e80b19b2b1dc06484e8ce5fa4d83d,3ce0e4a353032d86908717c27d0d9502eb869168cb3cdfea190894e8807c0ef6,aa9d259d3e622b8a70c125c1a97a358bfa9581edf95e691d7bffe5655d36a973,60520,59566,11348,59566,45392,954,46017504,artifacts/results/workload/patterns_replay/flow/g2_b16/design6_n192.json.gz,2d7260e2950c893990123404b766d560a1fecc2d541d8cff213e70bfaa17c2d6
g2_b4,home,192,118be0894887fa965204845c3b689c46482538177b504c80e7306cfa2921f7da,6787df263c282163200f11e445c755747f6e76f1117ac57561fd2e0ed0c0e7d5,03b336a2bb5f5396b995d47add62945245e307fb3208c9df168796f504ced76e,55317,55317,18439,55311,55317,0,18289008,artifacts/results/workload/patterns_replay/flow/g2_b4/design0_n192.json.gz,b8f5e6d353446f0f1f830ac7e5d984c3a64f61bfdad69488e59d3ac50ad53bc7
g2_b4,k2,192,4cb812d06bfdde84ba85d843190d2ada694f0ecd48c6832d35d984ace11b9296,6787df263c282163200f11e445c755747f6e76f1117ac57561fd2e0ed0c0e7d5,922bf892dff6a63d506d4b1ad20c61f3b52693b0c34748ef0672ab3561adf5e6,36881,36878,18439,36875,36878,3,18289008,artifacts/results/workload/patterns_replay/flow/g2_b4/design1_n192.json.gz,2455079aab1a5bdaf1da0cea878ea930566921276a1ff057ae71ed794a5998b4
g2_b4,wide,192,94321a975c70ac8fbf00a5330e11c4fbed779a1ae0de6bae5c284b7757c5a8d6,6787df263c282163200f11e445c755747f6e76f1117ac57561fd2e0ed0c0e7d5,767db4f679eec77003987392d9b82478332ff9057810297c3bdc6161a1d61468,36882,36876,9221,36876,27663,6,18289008,artifacts/results/workload/patterns_replay/flow/g2_b4/design2_n192.json.gz,bf9c07e4d61af08fd3b619af22fcdc450bf9aa6c1402987c18b6406d734e2dd1
g2_b4,b_cfg,192,3b5455207e3dc5a2fd471306df55e19b6e9e80b19b2b1dc06484e8ce5fa4d83d,6787df263c282163200f11e445c755747f6e76f1117ac57561fd2e0ed0c0e7d5,aa9d259d3e622b8a70c125c1a97a358bfa9581edf95e691d7bffe5655d36a973,42081,41129,11348,41129,34044,952,18289008,artifacts/results/workload/patterns_replay/flow/g2_b4/design6_n192.json.gz,8957bf1ea046db6702a87bc3772df712b686de410275ada050b9d13ab0cdb4a2
