case,label,window,design_sha256,trace_sha256,residence_sha256,makespan_slots,lower_slots,dag_lower_slots,aggregate_cut_lower_slots,compute_serial_lower_slots,unexplained_slots,delivered_words
single,home,128,118be0894887fa965204845c3b689c46482538177b504c80e7306cfa2921f7da,1b4578a8035b4326947ae439f3767f87dec5eb6d91a147aed020fdc41e93ea7d,a00d891c6cdf57b9376ac3d5160d5df11188c0db1f1827fcc7e8d02ada0df1f9,88,88,88,78,88,0,2496
single,k2,128,4cb812d06bfdde84ba85d843190d2ada694f0ecd48c6832d35d984ace11b9296,1b4578a8035b4326947ae439f3767f87dec5eb6d91a147aed020fdc41e93ea7d,da61948185fbf146d4f26eda6a1ac0c3755879f30dedc8dc2a6dd238826a4579,68,67,67,39,67,1,2496
single,wide,128,94321a975c70ac8fbf00a5330e11c4fbed779a1ae0de6bae5c284b7757c5a8d6,1b4578a8035b4326947ae439f3767f87dec5eb6d91a147aed020fdc41e93ea7d,94e26c09aedc48dc245ef52c6b93e2db3d83c924af8208378fa48073228e927b,68,67,67,39,67,1,2496
single,a_cfg,128,97338ceb5da9c1eccf3f675edc8ff4652e0513ec06c3b73c5688e834f82d6e4c,1b4578a8035b4326947ae439f3767f87dec5eb6d91a147aed020fdc41e93ea7d,4fd1d54a6fa8ba101085ae20d70a99609f4fdb6378e7e602b98e45d8752db32c,79,73,73,52,73,6,2496
single,b_cfg,128,3b5455207e3dc5a2fd471306df55e19b6e9e80b19b2b1dc06484e8ce5fa4d83d,1b4578a8035b4326947ae439f3767f87dec5eb6d91a147aed020fdc41e93ea7d,41d3cde167c60156c95b6f96bca643b7c20b517280a6e5a7f4e27dabfb20e438,77,74,74,48,74,3,2496
single,a_n128,128,cc3a15127a85986b0ab66bcd361787cd5e11f85c8371f20fa24e2d25d6ed3a99,1b4578a8035b4326947ae439f3767f87dec5eb6d91a147aed020fdc41e93ea7d,6fac263f997ba48b00f27b038cc72219dfbe360add7651c5227a557e49c38292,73,72,72,62,72,1,2496
single,b_n128,128,68645946d9c837c4518506a26fa7b6a1898405eec5a22d2190ee9fb1ab4bd060,1b4578a8035b4326947ae439f3767f87dec5eb6d91a147aed020fdc41e93ea7d,6fac263f997ba48b00f27b038cc72219dfbe360add7651c5227a557e49c38292,73,72,72,62,72,1,2496
single,b_n160,128,5bb4aa50b2ce6a14e7cdaff7af3c1055de76885327feb6d762a1fac585419019,1b4578a8035b4326947ae439f3767f87dec5eb6d91a147aed020fdc41e93ea7d,4fd1d54a6fa8ba101085ae20d70a99609f4fdb6378e7e602b98e45d8752db32c,79,73,73,52,73,6,2496
single,home,160,118be0894887fa965204845c3b689c46482538177b504c80e7306cfa2921f7da,1b4578a8035b4326947ae439f3767f87dec5eb6d91a147aed020fdc41e93ea7d,a00d891c6cdf57b9376ac3d5160d5df11188c0db1f1827fcc7e8d02ada0df1f9,88,88,88,78,88,0,2496
single,k2,160,4cb812d06bfdde84ba85d843190d2ada694f0ecd48c6832d35d984ace11b9296,1b4578a8035b4326947ae439f3767f87dec5eb6d91a147aed020fdc41e93ea7d,da61948185fbf146d4f26eda6a1ac0c3755879f30dedc8dc2a6dd238826a4579,57,55,55,39,55,2,2496
single,wide,160,94321a975c70ac8fbf00a5330e11c4fbed779a1ae0de6bae5c284b7757c5a8d6,1b4578a8035b4326947ae439f3767f87dec5eb6d91a147aed020fdc41e93ea7d,94e26c09aedc48dc245ef52c6b93e2db3d83c924af8208378fa48073228e927b,57,55,55,39,55,2,2496
single,a_cfg,160,97338ceb5da9c1eccf3f675edc8ff4652e0513ec06c3b73c5688e834f82d6e4c,1b4578a8035b4326947ae439f3767f87dec5eb6d91a147aed020fdc41e93ea7d,4fd1d54a6fa8ba101085ae20d70a99609f4fdb6378e7e602b98e45d8752db32c,62,62,62,52,62,0,2496
single,b_cfg,160,3b5455207e3dc5a2fd471306df55e19b6e9e80b19b2b1dc06484e8ce5fa4d83d,1b4578a8035b4326947ae439f3767f87dec5eb6d91a147aed020fdc41e93ea7d,41d3cde167c60156c95b6f96bca643b7c20b517280a6e5a7f4e27dabfb20e438,66,61,61,48,61,5,2496
single,a_n128,160,cc3a15127a85986b0ab66bcd361787cd5e11f85c8371f20fa24e2d25d6ed3a99,1b4578a8035b4326947ae439f3767f87dec5eb6d91a147aed020fdc41e93ea7d,6fac263f997ba48b00f27b038cc72219dfbe360add7651c5227a557e49c38292,73,72,72,62,72,1,2496
single,b_n128,160,68645946d9c837c4518506a26fa7b6a1898405eec5a22d2190ee9fb1ab4bd060,1b4578a8035b4326947ae439f3767f87dec5eb6d91a147aed020fdc41e93ea7d,6fac263f997ba48b00f27b038cc72219dfbe360add7651c5227a557e49c38292,73,72,72,62,72,1,2496
single,b_n160,160,5bb4aa50b2ce6a14e7cdaff7af3c1055de76885327feb6d762a1fac585419019,1b4578a8035b4326947ae439f3767f87dec5eb6d91a147aed020fdc41e93ea7d,4fd1d54a6fa8ba101085ae20d70a99609f4fdb6378e7e602b98e45d8752db32c,62,62,62,52,62,0,2496
single,home,192,118be0894887fa965204845c3b689c46482538177b504c80e7306cfa2921f7da,1b4578a8035b4326947ae439f3767f87dec5eb6d91a147aed020fdc41e93ea7d,a00d891c6cdf57b9376ac3d5160d5df11188c0db1f1827fcc7e8d02ada0df1f9,88,88,88,78,88,0,2496
single,k2,192,4cb812d06bfdde84ba85d843190d2ada694f0ecd48c6832d35d984ace11b9296,1b4578a8035b4326947ae439f3767f87dec5eb6d91a147aed020fdc41e93ea7d,da61948185fbf146d4f26eda6a1ac0c3755879f30dedc8dc2a6dd238826a4579,49,49,49,39,49,0,2496
single,wide,192,94321a975c70ac8fbf00a5330e11c4fbed779a1ae0de6bae5c284b7757c5a8d6,1b4578a8035b4326947ae439f3767f87dec5eb6d91a147aed020fdc41e93ea7d,94e26c09aedc48dc245ef52c6b93e2db3d83c924af8208378fa48073228e927b,49,49,49,39,49,0,2496
single,a_cfg,192,97338ceb5da9c1eccf3f675edc8ff4652e0513ec06c3b73c5688e834f82d6e4c,1b4578a8035b4326947ae439f3767f87dec5eb6d91a147aed020fdc41e93ea7d,4fd1d54a6fa8ba101085ae20d70a99609f4fdb6378e7e602b98e45d8752db32c,62,62,62,52,62,0,2496
single,b_cfg,192,3b5455207e3dc5a2fd471306df55e19b6e9e80b19b2b1dc06484e8ce5fa4d83d,1b4578a8035b4326947ae439f3767f87dec5eb6d91a147aed020fdc41e93ea7d,41d3cde167c60156c95b6f96bca643b7c20b517280a6e5a7f4e27dabfb20e438,60,58,58,48,58,2,2496
single,a_n128,192,cc3a15127a85986b0ab66bcd361787cd5e11f85c8371f20fa24e2d25d6ed3a99,1b4578a8035b4326947ae439f3767f87dec5eb6d91a147aed020fdc41e93ea7d,6fac263f997ba48b00f27b038cc72219dfbe360add7651c5227a557e49c38292,72,72,72,62,72,0,2496
single,b_n128,192,68645946d9c837c4518506a26fa7b6a1898405eec5a22d2190ee9fb1ab4bd060,1b4578a8035b4326947ae439f3767f87dec5eb6d91a147aed020fdc41e93ea7d,6fac263f997ba48b00f27b038cc72219dfbe360add7651c5227a557e49c38292,72,72,72,62,72,0,2496
single,b_n160,192,5bb4aa50b2ce6a14e7cdaff7af3c1055de76885327feb6d762a1fac585419019,1b4578a8035b4326947ae439f3767f87dec5eb6d91a147aed020fdc41e93ea7d,4fd1d54a6fa8ba101085ae20d70a99609f4fdb6378e7e602b98e45d8752db32c,62,62,62,52,62,0,2496
dispersed9,home,128,118be0894887fa965204845c3b689c46482538177b504c80e7306cfa2921f7da,ed691c46a35ecd3edd290154c751bfd89bb6b98ff5adc33eb9bf8fd1f0c4b9e7,a00d891c6cdf57b9376ac3d5160d5df11188c0db1f1827fcc7e8d02ada0df1f9,88,88,88,78,88,0,22464
dispersed9,k2,128,4cb812d06bfdde84ba85d843190d2ada694f0ecd48c6832d35d984ace11b9296,ed691c46a35ecd3edd290154c751bfd89bb6b98ff5adc33eb9bf8fd1f0c4b9e7,da61948185fbf146d4f26eda6a1ac0c3755879f30dedc8dc2a6dd238826a4579,88,88,88,78,88,0,22464
dispersed9,wide,128,94321a975c70ac8fbf00a5330e11c4fbed779a1ae0de6bae5c284b7757c5a8d6,ed691c46a35ecd3edd290154c751bfd89bb6b98ff5adc33eb9bf8fd1f0c4b9e7,94e26c09aedc48dc245ef52c6b93e2db3d83c924af8208378fa48073228e927b,68,67,67,39,67,1,22464
dispersed9,a_cfg,128,97338ceb5da9c1eccf3f675edc8ff4652e0513ec06c3b73c5688e834f82d6e4c,ed691c46a35ecd3edd290154c751bfd89bb6b98ff5adc33eb9bf8fd1f0c4b9e7,4fd1d54a6fa8ba101085ae20d70a99609f4fdb6378e7e602b98e45d8752db32c,79,73,73,52,73,6,22464
dispersed9,b_cfg,128,3b5455207e3dc5a2fd471306df55e19b6e9e80b19b2b1dc06484e8ce5fa4d83d,ed691c46a35ecd3edd290154c751bfd89bb6b98ff5adc33eb9bf8fd1f0c4b9e7,41d3cde167c60156c95b6f96bca643b7c20b517280a6e5a7f4e27dabfb20e438,77,74,74,48,74,3,22464
dispersed9,a_n128,128,cc3a15127a85986b0ab66bcd361787cd5e11f85c8371f20fa24e2d25d6ed3a99,ed691c46a35ecd3edd290154c751bfd89bb6b98ff5adc33eb9bf8fd1f0c4b9e7,6fac263f997ba48b00f27b038cc72219dfbe360add7651c5227a557e49c38292,73,72,72,62,72,1,22464
dispersed9,b_n128,128,68645946d9c837c4518506a26fa7b6a1898405eec5a22d2190ee9fb1ab4bd060,ed691c46a35ecd3edd290154c751bfd89bb6b98ff5adc33eb9bf8fd1f0c4b9e7,6fac263f997ba48b00f27b038cc72219dfbe360add7651c5227a557e49c38292,73,72,72,62,72,1,22464
dispersed9,b_n160,128,5bb4aa50b2ce6a14e7cdaff7af3c1055de76885327feb6d762a1fac585419019,ed691c46a35ecd3edd290154c751bfd89bb6b98ff5adc33eb9bf8fd1f0c4b9e7,4fd1d54a6fa8ba101085ae20d70a99609f4fdb6378e7e602b98e45d8752db32c,79,73,73,52,73,6,22464
dispersed9,home,160,118be0894887fa965204845c3b689c46482538177b504c80e7306cfa2921f7da,ed691c46a35ecd3edd290154c751bfd89bb6b98ff5adc33eb9bf8fd1f0c4b9e7,a00d891c6cdf57b9376ac3d5160d5df11188c0db1f1827fcc7e8d02ada0df1f9,88,88,88,78,88,0,22464
dispersed9,k2,160,4cb812d06bfdde84ba85d843190d2ada694f0ecd48c6832d35d984ace11b9296,ed691c46a35ecd3edd290154c751bfd89bb6b98ff5adc33eb9bf8fd1f0c4b9e7,da61948185fbf146d4f26eda6a1ac0c3755879f30dedc8dc2a6dd238826a4579,88,88,88,78,88,0,22464
dispersed9,wide,160,94321a975c70ac8fbf00a5330e11c4fbed779a1ae0de6bae5c284b7757c5a8d6,ed691c46a35ecd3edd290154c751bfd89bb6b98ff5adc33eb9bf8fd1f0c4b9e7,94e26c09aedc48dc245ef52c6b93e2db3d83c924af8208378fa48073228e927b,57,55,55,39,55,2,22464
dispersed9,a_cfg,160,97338ceb5da9c1eccf3f675edc8ff4652e0513ec06c3b73c5688e834f82d6e4c,ed691c46a35ecd3edd290154c751bfd89bb6b98ff5adc33eb9bf8fd1f0c4b9e7,4fd1d54a6fa8ba101085ae20d70a99609f4fdb6378e7e602b98e45d8752db32c,62,62,62,52,62,0,22464
dispersed9,b_cfg,160,3b5455207e3dc5a2fd471306df55e19b6e9e80b19b2b1dc06484e8ce5fa4d83d,ed691c46a35ecd3edd290154c751bfd89bb6b98ff5adc33eb9bf8fd1f0c4b9e7,41d3cde167c60156c95b6f96bca643b7c20b517280a6e5a7f4e27dabfb20e438,66,61,61,48,61,5,22464
dispersed9,a_n128,160,cc3a15127a85986b0ab66bcd361787cd5e11f85c8371f20fa24e2d25d6ed3a99,ed691c46a35ecd3edd290154c751bfd89bb6b98ff5adc33eb9bf8fd1f0c4b9e7,6fac263f997ba48b00f27b038cc72219dfbe360add7651c5227a557e49c38292,73,72,72,62,72,1,22464
dispersed9,b_n128,160,68645946d9c837c4518506a26fa7b6a1898405eec5a22d2190ee9fb1ab4bd060,ed691c46a35ecd3edd290154c751bfd89bb6b98ff5adc33eb9bf8fd1f0c4b9e7,6fac263f997ba48b00f27b038cc72219dfbe360add7651c5227a557e49c38292,73,72,72,62,72,1,22464
dispersed9,b_n160,160,5bb4aa50b2ce6a14e7cdaff7af3c1055de76885327feb6d762a1fac585419019,ed691c46a35ecd3edd290154c751bfd89bb6b98ff5adc33eb9bf8fd1f0c4b9e7,4fd1d54a6fa8ba101085ae20d70a99609f4fdb6378e7e602b98e45d8752db32c,62,62,62,52,62,0,22464
dispersed9,home,192,118be0894887fa965204845c3b689c46482538177b504c80e7306cfa2921f7da,ed691c46a35ecd3edd290154c751bfd89bb6b98ff5adc33eb9bf8fd1f0c4b9e7,a00d891c6cdf57b9376ac3d5160d5df11188c0db1f1827fcc7e8d02ada0df1f9,88,88,88,78,88,0,22464
dispersed9,k2,192,4cb812d06bfdde84ba85d843190d2ada694f0ecd48c6832d35d984ace11b9296,ed691c46a35ecd3edd290154c751bfd89bb6b98ff5adc33eb9bf8fd1f0c4b9e7,da61948185fbf146d4f26eda6a1ac0c3755879f30dedc8dc2a6dd238826a4579,88,88,88,78,88,0,22464
dispersed9,wide,192,94321a975c70ac8fbf00a5330e11c4fbed779a1ae0de6bae5c284b7757c5a8d6,ed691c46a35ecd3edd290154c751bfd89bb6b98ff5adc33eb9bf8fd1f0c4b9e7,94e26c09aedc48dc245ef52c6b93e2db3d83c924af8208378fa48073228e927b,49,49,49,39,49,0,22464
dispersed9,a_cfg,192,97338ceb5da9c1eccf3f675edc8ff4652e0513ec06c3b73c5688e834f82d6e4c,ed691c46a35ecd3edd290154c751bfd89bb6b98ff5adc33eb9bf8fd1f0c4b9e7,4fd1d54a6fa8ba101085ae20d70a99609f4fdb6378e7e602b98e45d8752db32c,62,62,62,52,62,0,22464
dispersed9,b_cfg,192,3b5455207e3dc5a2fd471306df55e19b6e9e80b19b2b1dc06484e8ce5fa4d83d,ed691c46a35ecd3edd290154c751bfd89bb6b98ff5adc33eb9bf8fd1f0c4b9e7,41d3cde167c60156c95b6f96bca643b7c20b517280a6e5a7f4e27dabfb20e438,60,58,58,48,58,2,22464
dispersed9,a_n128,192,cc3a15127a85986b0ab66bcd361787cd5e11f85c8371f20fa24e2d25d6ed3a99,ed691c46a35ecd3edd290154c751bfd89bb6b98ff5adc33eb9bf8fd1f0c4b9e7,6fac263f997ba48b00f27b038cc72219dfbe360add7651c5227a557e49c38292,72,72,72,62,72,0,22464
dispersed9,b_n128,192,68645946d9c837c4518506a26fa7b6a1898405eec5a22d2190ee9fb1ab4bd060,ed691c46a35ecd3edd290154c751bfd89bb6b98ff5adc33eb9bf8fd1f0c4b9e7,6fac263f997ba48b00f27b038cc72219dfbe360add7651c5227a557e49c38292,72,72,72,62,72,0,22464
dispersed9,b_n160,192,5bb4aa50b2ce6a14e7cdaff7af3c1055de76885327feb6d762a1fac585419019,ed691c46a35ecd3edd290154c751bfd89bb6b98ff5adc33eb9bf8fd1f0c4b9e7,4fd1d54a6fa8ba101085ae20d70a99609f4fdb6378e7e602b98e45d8752db32c,62,62,62,52,62,0,22464
clustered9,home,128,118be0894887fa965204845c3b689c46482538177b504c80e7306cfa2921f7da,6a040f377214e6a3d69cc1923bc12e40c5402838758cb2299cf80aa9f8aca37d,a00d891c6cdf57b9376ac3d5160d5df11188c0db1f1827fcc7e8d02ada0df1f9,88,88,88,78,88,0,22464
clustered9,k2,128,4cb812d06bfdde84ba85d843190d2ada694f0ecd48c6832d35d984ace11b9296,6a040f377214e6a3d69cc1923bc12e40c5402838758cb2299cf80aa9f8aca37d,da61948185fbf146d4f26eda6a1ac0c3755879f30dedc8dc2a6dd238826a4579,88,88,88,78,88,0,22464
clustered9,wide,128,94321a975c70ac8fbf00a5330e11c4fbed779a1ae0de6bae5c284b7757c5a8d6,6a040f377214e6a3d69cc1923bc12e40c5402838758cb2299cf80aa9f8aca37d,94e26c09aedc48dc245ef52c6b93e2db3d83c924af8208378fa48073228e927b,88,78,67,78,67,10,22464
clustered9,a_cfg,128,97338ceb5da9c1eccf3f675edc8ff4652e0513ec06c3b73c5688e834f82d6e4c,6a040f377214e6a3d69cc1923bc12e40c5402838758cb2299cf80aa9f8aca37d,4fd1d54a6fa8ba101085ae20d70a99609f4fdb6378e7e602b98e45d8752db32c,89,78,73,78,73,11,22464
clustered9,b_cfg,128,3b5455207e3dc5a2fd471306df55e19b6e9e80b19b2b1dc06484e8ce5fa4d83d,6a040f377214e6a3d69cc1923bc12e40c5402838758cb2299cf80aa9f8aca37d,41d3cde167c60156c95b6f96bca643b7c20b517280a6e5a7f4e27dabfb20e438,89,78,74,78,74,11,22464
clustered9,a_n128,128,cc3a15127a85986b0ab66bcd361787cd5e11f85c8371f20fa24e2d25d6ed3a99,6a040f377214e6a3d69cc1923bc12e40c5402838758cb2299cf80aa9f8aca37d,6fac263f997ba48b00f27b038cc72219dfbe360add7651c5227a557e49c38292,89,78,72,78,72,11,22464
clustered9,b_n128,128,68645946d9c837c4518506a26fa7b6a1898405eec5a22d2190ee9fb1ab4bd060,6a040f377214e6a3d69cc1923bc12e40c5402838758cb2299cf80aa9f8aca37d,6fac263f997ba48b00f27b038cc72219dfbe360add7651c5227a557e49c38292,89,78,72,78,72,11,22464
clustered9,b_n160,128,5bb4aa50b2ce6a14e7cdaff7af3c1055de76885327feb6d762a1fac585419019,6a040f377214e6a3d69cc1923bc12e40c5402838758cb2299cf80aa9f8aca37d,4fd1d54a6fa8ba101085ae20d70a99609f4fdb6378e7e602b98e45d8752db32c,89,78,73,78,73,11,22464
clustered9,home,160,118be0894887fa965204845c3b689c46482538177b504c80e7306cfa2921f7da,6a040f377214e6a3d69cc1923bc12e40c5402838758cb2299cf80aa9f8aca37d,a00d891c6cdf57b9376ac3d5160d5df11188c0db1f1827fcc7e8d02ada0df1f9,88,88,88,78,88,0,22464
clustered9,k2,160,4cb812d06bfdde84ba85d843190d2ada694f0ecd48c6832d35d984ace11b9296,6a040f377214e6a3d69cc1923bc12e40c5402838758cb2299cf80aa9f8aca37d,da61948185fbf146d4f26eda6a1ac0c3755879f30dedc8dc2a6dd238826a4579,88,88,88,78,88,0,22464
clustered9,wide,160,94321a975c70ac8fbf00a5330e11c4fbed779a1ae0de6bae5c284b7757c5a8d6,6a040f377214e6a3d69cc1923bc12e40c5402838758cb2299cf80aa9f8aca37d,94e26c09aedc48dc245ef52c6b93e2db3d83c924af8208378fa48073228e927b,88,78,55,78,55,10,22464
clustered9,a_cfg,160,97338ceb5da9c1eccf3f675edc8ff4652e0513ec06c3b73c5688e834f82d6e4c,6a040f377214e6a3d69cc1923bc12e40c5402838758cb2299cf80aa9f8aca37d,4fd1d54a6fa8ba101085ae20d70a99609f4fdb6378e7e602b98e45d8752db32c,88,78,62,78,62,10,22464
clustered9,b_cfg,160,3b5455207e3dc5a2fd471306df55e19b6e9e80b19b2b1dc06484e8ce5fa4d83d,6a040f377214e6a3d69cc1923bc12e40c5402838758cb2299cf80aa9f8aca37d,41d3cde167c60156c95b6f96bca643b7c20b517280a6e5a7f4e27dabfb20e438,88,78,61,78,61,10,22464
clustered9,a_n128,160,cc3a15127a85986b0ab66bcd361787cd5e11f85c8371f20fa24e2d25d6ed3a99,6a040f377214e6a3d69cc1923bc12e40c5402838758cb2299cf80aa9f8aca37d,6fac263f997ba48b00f27b038cc72219dfbe360add7651c5227a557e49c38292,89,78,72,78,72,11,22464
clustered9,b_n128,160,68645946d9c837c4518506a26fa7b6a1898405eec5a22d2190ee9fb1ab4bd060,6a040f377214e6a3d69cc1923bc12e40c5402838758cb2299cf80aa9f8aca37d,6fac263f997ba48b00f27b038cc72219dfbe360add7651c5227a557e49c38292,89,78,72,78,72,11,22464
clustered9,b_n160,160,5bb4aa50b2ce6a14e7cdaff7af3c1055de76885327feb6d762a1fac585419019,6a040f377214e6a3d69cc1923bc12e40c5402838758cb2299cf80aa9f8aca37d,4fd1d54a6fa8ba101085ae20d70a99609f4fdb6378e7e602b98e45d8752db32c,88,78,62,78,62,10,22464
clustered9,home,192,118be0894887fa965204845c3b689c46482538177b504c80e7306cfa2921f7da,6a040f377214e6a3d69cc1923bc12e40c5402838758cb2299cf80aa9f8aca37d,a00d891c6cdf57b9376ac3d5160d5df11188c0db1f1827fcc7e8d02ada0df1f9,88,88,88,78,88,0,22464
clustered9,k2,192,4cb812d06bfdde84ba85d843190d2ada694f0ecd48c6832d35d984ace11b9296,6a040f377214e6a3d69cc1923bc12e40c5402838758cb2299cf80aa9f8aca37d,da61948185fbf146d4f26eda6a1ac0c3755879f30dedc8dc2a6dd238826a4579,88,88,88,78,88,0,22464
clustered9,wide,192,94321a975c70ac8fbf00a5330e11c4fbed779a1ae0de6bae5c284b7757c5a8d6,6a040f377214e6a3d69cc1923bc12e40c5402838758cb2299cf80aa9f8aca37d,94e26c09aedc48dc245ef52c6b93e2db3d83c924af8208378fa48073228e927b,88,78,49,78,49,10,22464
clustered9,a_cfg,192,97338ceb5da9c1eccf3f675edc8ff4652e0513ec06c3b73c5688e834f82d6e4c,6a040f377214e6a3d69cc1923bc12e40c5402838758cb2299cf80aa9f8aca37d,4fd1d54a6fa8ba101085ae20d70a99609f4fdb6378e7e602b98e45d8752db32c,88,78,62,78,62,10,22464
clustered9,b_cfg,192,3b5455207e3dc5a2fd471306df55e19b6e9e80b19b2b1dc06484e8ce5fa4d83d,6a040f377214e6a3d69cc1923bc12e40c5402838758cb2299cf80aa9f8aca37d,41d3cde167c60156c95b6f96bca643b7c20b517280a6e5a7f4e27dabfb20e438,88,78,58,78,58,10,22464
clustered9,a_n128,192,cc3a15127a85986b0ab66bcd361787cd5e11f85c8371f20fa24e2d25d6ed3a99,6a040f377214e6a3d69cc1923bc12e40c5402838758cb2299cf80aa9f8aca37d,6fac263f997ba48b00f27b038cc72219dfbe360add7651c5227a557e49c38292,89,78,72,78,72,11,22464
clustered9,b_n128,192,68645946d9c837c4518506a26fa7b6a1898405eec5a22d2190ee9fb1ab4bd060,6a040f377214e6a3d69cc1923bc12e40c5402838758cb2299cf80aa9f8aca37d,6fac263f997ba48b00f27b038cc72219dfbe360add7651c5227a557e49c38292,89,78,72,78,72,11,22464
clustered9,b_n160,192,5bb4aa50b2ce6a14e7cdaff7af3c1055de76885327feb6d762a1fac585419019,6a040f377214e6a3d69cc1923bc12e40c5402838758cb2299cf80aa9f8aca37d,4fd1d54a6fa8ba101085ae20d70a99609f4fdb6378e7e602b98e45d8752db32c,88,78,62,78,62,10,22464
full36,home,128,118be0894887fa965204845c3b689c46482538177b504c80e7306cfa2921f7da,387ad65969d12f1485c43f815afac6fc2379b8ac7ab5ceb656ae9f5597c42433,a00d891c6cdf57b9376ac3d5160d5df11188c0db1f1827fcc7e8d02ada0df1f9,88,88,88,78,88,0,89856
full36,k2,128,4cb812d06bfdde84ba85d843190d2ada694f0ecd48c6832d35d984ace11b9296,387ad65969d12f1485c43f815afac6fc2379b8ac7ab5ceb656ae9f5597c42433,da61948185fbf146d4f26eda6a1ac0c3755879f30dedc8dc2a6dd238826a4579,88,88,88,78,88,0,89856
full36,wide,128,94321a975c70ac8fbf00a5330e11c4fbed779a1ae0de6bae5c284b7757c5a8d6,387ad65969d12f1485c43f815afac6fc2379b8ac7ab5ceb656ae9f5597c42433,94e26c09aedc48dc245ef52c6b93e2db3d83c924af8208378fa48073228e927b,88,78,67,78,67,10,89856
full36,a_cfg,128,97338ceb5da9c1eccf3f675edc8ff4652e0513ec06c3b73c5688e834f82d6e4c,387ad65969d12f1485c43f815afac6fc2379b8ac7ab5ceb656ae9f5597c42433,4fd1d54a6fa8ba101085ae20d70a99609f4fdb6378e7e602b98e45d8752db32c,89,78,73,78,73,11,89856
full36,b_cfg,128,3b5455207e3dc5a2fd471306df55e19b6e9e80b19b2b1dc06484e8ce5fa4d83d,387ad65969d12f1485c43f815afac6fc2379b8ac7ab5ceb656ae9f5597c42433,41d3cde167c60156c95b6f96bca643b7c20b517280a6e5a7f4e27dabfb20e438,89,78,74,78,74,11,89856
full36,a_n128,128,cc3a15127a85986b0ab66bcd361787cd5e11f85c8371f20fa24e2d25d6ed3a99,387ad65969d12f1485c43f815afac6fc2379b8ac7ab5ceb656ae9f5597c42433,6fac263f997ba48b00f27b038cc72219dfbe360add7651c5227a557e49c38292,89,78,72,78,72,11,89856
full36,b_n128,128,68645946d9c837c4518506a26fa7b6a1898405eec5a22d2190ee9fb1ab4bd060,387ad65969d12f1485c43f815afac6fc2379b8ac7ab5ceb656ae9f5597c42433,6fac263f997ba48b00f27b038cc72219dfbe360add7651c5227a557e49c38292,89,78,72,78,72,11,89856
full36,b_n160,128,5bb4aa50b2ce6a14e7cdaff7af3c1055de76885327feb6d762a1fac585419019,387ad65969d12f1485c43f815afac6fc2379b8ac7ab5ceb656ae9f5597c42433,4fd1d54a6fa8ba101085ae20d70a99609f4fdb6378e7e602b98e45d8752db32c,89,78,73,78,73,11,89856
full36,home,160,118be0894887fa965204845c3b689c46482538177b504c80e7306cfa2921f7da,387ad65969d12f1485c43f815afac6fc2379b8ac7ab5ceb656ae9f5597c42433,a00d891c6cdf57b9376ac3d5160d5df11188c0db1f1827fcc7e8d02ada0df1f9,88,88,88,78,88,0,89856
full36,k2,160,4cb812d06bfdde84ba85d843190d2ada694f0ecd48c6832d35d984ace11b9296,387ad65969d12f1485c43f815afac6fc2379b8ac7ab5ceb656ae9f5597c42433,da61948185fbf146d4f26eda6a1ac0c3755879f30dedc8dc2a6dd238826a4579,88,88,88,78,88,0,89856
full36,wide,160,94321a975c70ac8fbf00a5330e11c4fbed779a1ae0de6bae5c284b7757c5a8d6,387ad65969d12f1485c43f815afac6fc2379b8ac7ab5ceb656ae9f5597c42433,94e26c09aedc48dc245ef52c6b93e2db3d83c924af8208378fa48073228e927b,88,78,55,78,55,10,89856
full36,a_cfg,160,97338ceb5da9c1eccf3f675edc8ff4652e0513ec06c3b73c5688e834f82d6e4c,387ad65969d12f1485c43f815afac6fc2379b8ac7ab5ceb656ae9f5597c42433,4fd1d54a6fa8ba101085ae20d70a99609f4fdb6378e7e602b98e45d8752db32c,88,78,62,78,62,10,89856
full36,b_cfg,160,3b5455207e3dc5a2fd471306df55e19b6e9e80b19b2b1dc06484e8ce5fa4d83d,387ad65969d12f1485c43f815afac6fc2379b8ac7ab5ceb656ae9f5597c42433,41d3cde167c60156c95b6f96bca643b7c20b517280a6e5a7f4e27dabfb20e438,88,78,61,78,61,10,89856
full36,a_n128,160,cc3a15127a85986b0ab66bcd361787cd5e11f85c8371f20fa24e2d25d6ed3a99,387ad65969d12f1485c43f815afac6fc2379b8ac7ab5ceb656ae9f5597c42433,6fac263f997ba48b00f27b038cc72219dfbe360add7651c5227a557e49c38292,89,78,72,78,72,11,89856
full36,b_n128,160,68645946d9c837c4518506a26fa7b6a1898405eec5a22d2190ee9fb1ab4bd060,387ad65969d12f1485c43f815afac6fc2379b8ac7ab5ceb656ae9f5597c42433,6fac263f997ba48b00f27b038cc72219dfbe360add7651c5227a557e49c38292,89,78,72,78,72,11,89856
full36,b_n160,160,5bb4aa50b2ce6a14e7cdaff7af3c1055de76885327feb6d762a1fac585419019,387ad65969d12f1485c43f815afac6fc2379b8ac7ab5ceb656ae9f5597c42433,4fd1d54a6fa8ba101085ae20d70a99609f4fdb6378e7e602b98e45d8752db32c,88,78,62,78,62,10,89856
full36,home,192,118be0894887fa965204845c3b689c46482538177b504c80e7306cfa2921f7da,387ad65969d12f1485c43f815afac6fc2379b8ac7ab5ceb656ae9f5597c42433,a00d891c6cdf57b9376ac3d5160d5df11188c0db1f1827fcc7e8d02ada0df1f9,88,88,88,78,88,0,89856
full36,k2,192,4cb812d06bfdde84ba85d843190d2ada694f0ecd48c6832d35d984ace11b9296,387ad65969d12f1485c43f815afac6fc2379b8ac7ab5ceb656ae9f5597c42433,da61948185fbf146d4f26eda6a1ac0c3755879f30dedc8dc2a6dd238826a4579,88,88,88,78,88,0,89856
full36,wide,192,94321a975c70ac8fbf00a5330e11c4fbed779a1ae0de6bae5c284b7757c5a8d6,387ad65969d12f1485c43f815afac6fc2379b8ac7ab5ceb656ae9f5597c42433,94e26c09aedc48dc245ef52c6b93e2db3d83c924af8208378fa48073228e927b,88,78,49,78,49,10,89856
full36,a_cfg,192,97338ceb5da9c1eccf3f675edc8ff4652e0513ec06c3b73c5688e834f82d6e4c,387ad65969d12f1485c43f815afac6fc2379b8ac7ab5ceb656ae9f5597c42433,4fd1d54a6fa8ba101085ae20d70a99609f4fdb6378e7e602b98e45d8752db32c,88,78,62,78,62,10,89856
full36,b_cfg,192,3b5455207e3dc5a2fd471306df55e19b6e9e80b19b2b1dc06484e8ce5fa4d83d,387ad65969d12f1485c43f815afac6fc2379b8ac7ab5ceb656ae9f5597c42433,41d3cde167c60156c95b6f96bca643b7c20b517280a6e5a7f4e27dabfb20e438,88,78,58,78,58,10,89856
full36,a_n128,192,cc3a15127a85986b0ab66bcd361787cd5e11f85c8371f20fa24e2d25d6ed3a99,387ad65969d12f1485c43f815afac6fc2379b8ac7ab5ceb656ae9f5597c42433,6fac263f997ba48b00f27b038cc72219dfbe360add7651c5227a557e49c38292,89,78,72,78,72,11,89856
full36,b_n128,192,68645946d9c837c4518506a26fa7b6a1898405eec5a22d2190ee9fb1ab4bd060,387ad65969d12f1485c43f815afac6fc2379b8ac7ab5ceb656ae9f5597c42433,6fac263f997ba48b00f27b038cc72219dfbe360add7651c5227a557e49c38292,89,78,72,78,72,11,89856
full36,b_n160,192,5bb4aa50b2ce6a14e7cdaff7af3c1055de76885327feb6d762a1fac585419019,387ad65969d12f1485c43f815afac6fc2379b8ac7ab5ceb656ae9f5597c42433,4fd1d54a6fa8ba101085ae20d70a99609f4fdb6378e7e602b98e45d8752db32c,88,78,62,78,62,10,89856
moving9,home,128,118be0894887fa965204845c3b689c46482538177b504c80e7306cfa2921f7da,516ec476b9e4c06ff6e1e62079e2a5b2bb79045ed0f04a96ca1336253bc24a5d,a00d891c6cdf57b9376ac3d5160d5df11188c0db1f1827fcc7e8d02ada0df1f9,352,352,352,78,88,0,89856
moving9,k2,128,4cb812d06bfdde84ba85d843190d2ada694f0ecd48c6832d35d984ace11b9296,516ec476b9e4c06ff6e1e62079e2a5b2bb79045ed0f04a96ca1336253bc24a5d,da61948185fbf146d4f26eda6a1ac0c3755879f30dedc8dc2a6dd238826a4579,352,352,352,78,88,0,89856
moving9,wide,128,94321a975c70ac8fbf00a5330e11c4fbed779a1ae0de6bae5c284b7757c5a8d6,516ec476b9e4c06ff6e1e62079e2a5b2bb79045ed0f04a96ca1336253bc24a5d,94e26c09aedc48dc245ef52c6b93e2db3d83c924af8208378fa48073228e927b,352,268,268,78,67,84,89856
moving9,a_cfg,128,97338ceb5da9c1eccf3f675edc8ff4652e0513ec06c3b73c5688e834f82d6e4c,516ec476b9e4c06ff6e1e62079e2a5b2bb79045ed0f04a96ca1336253bc24a5d,4fd1d54a6fa8ba101085ae20d70a99609f4fdb6378e7e602b98e45d8752db32c,356,292,292,78,73,64,89856
moving9,b_cfg,128,3b5455207e3dc5a2fd471306df55e19b6e9e80b19b2b1dc06484e8ce5fa4d83d,516ec476b9e4c06ff6e1e62079e2a5b2bb79045ed0f04a96ca1336253bc24a5d,41d3cde167c60156c95b6f96bca643b7c20b517280a6e5a7f4e27dabfb20e438,356,296,296,78,74,60,89856
moving9,a_n128,128,cc3a15127a85986b0ab66bcd361787cd5e11f85c8371f20fa24e2d25d6ed3a99,516ec476b9e4c06ff6e1e62079e2a5b2bb79045ed0f04a96ca1336253bc24a5d,6fac263f997ba48b00f27b038cc72219dfbe360add7651c5227a557e49c38292,356,288,288,78,72,68,89856
moving9,b_n128,128,68645946d9c837c4518506a26fa7b6a1898405eec5a22d2190ee9fb1ab4bd060,516ec476b9e4c06ff6e1e62079e2a5b2bb79045ed0f04a96ca1336253bc24a5d,6fac263f997ba48b00f27b038cc72219dfbe360add7651c5227a557e49c38292,356,288,288,78,72,68,89856
moving9,b_n160,128,5bb4aa50b2ce6a14e7cdaff7af3c1055de76885327feb6d762a1fac585419019,516ec476b9e4c06ff6e1e62079e2a5b2bb79045ed0f04a96ca1336253bc24a5d,4fd1d54a6fa8ba101085ae20d70a99609f4fdb6378e7e602b98e45d8752db32c,356,292,292,78,73,64,89856
moving9,home,160,118be0894887fa965204845c3b689c46482538177b504c80e7306cfa2921f7da,516ec476b9e4c06ff6e1e62079e2a5b2bb79045ed0f04a96ca1336253bc24a5d,a00d891c6cdf57b9376ac3d5160d5df11188c0db1f1827fcc7e8d02ada0df1f9,352,352,352,78,88,0,89856
moving9,k2,160,4cb812d06bfdde84ba85d843190d2ada694f0ecd48c6832d35d984ace11b9296,516ec476b9e4c06ff6e1e62079e2a5b2bb79045ed0f04a96ca1336253bc24a5d,da61948185fbf146d4f26eda6a1ac0c3755879f30dedc8dc2a6dd238826a4579,352,352,352,78,88,0,89856
moving9,wide,160,94321a975c70ac8fbf00a5330e11c4fbed779a1ae0de6bae5c284b7757c5a8d6,516ec476b9e4c06ff6e1e62079e2a5b2bb79045ed0f04a96ca1336253bc24a5d,94e26c09aedc48dc245ef52c6b93e2db3d83c924af8208378fa48073228e927b,352,220,220,78,55,132,89856
moving9,a_cfg,160,97338ceb5da9c1eccf3f675edc8ff4652e0513ec06c3b73c5688e834f82d6e4c,516ec476b9e4c06ff6e1e62079e2a5b2bb79045ed0f04a96ca1336253bc24a5d,4fd1d54a6fa8ba101085ae20d70a99609f4fdb6378e7e602b98e45d8752db32c,352,248,248,78,62,104,89856
moving9,b_cfg,160,3b5455207e3dc5a2fd471306df55e19b6e9e80b19b2b1dc06484e8ce5fa4d83d,516ec476b9e4c06ff6e1e62079e2a5b2bb79045ed0f04a96ca1336253bc24a5d,41d3cde167c60156c95b6f96bca643b7c20b517280a6e5a7f4e27dabfb20e438,352,244,244,78,61,108,89856
moving9,a_n128,160,cc3a15127a85986b0ab66bcd361787cd5e11f85c8371f20fa24e2d25d6ed3a99,516ec476b9e4c06ff6e1e62079e2a5b2bb79045ed0f04a96ca1336253bc24a5d,6fac263f997ba48b00f27b038cc72219dfbe360add7651c5227a557e49c38292,356,288,288,78,72,68,89856
moving9,b_n128,160,68645946d9c837c4518506a26fa7b6a1898405eec5a22d2190ee9fb1ab4bd060,516ec476b9e4c06ff6e1e62079e2a5b2bb79045ed0f04a96ca1336253bc24a5d,6fac263f997ba48b00f27b038cc72219dfbe360add7651c5227a557e49c38292,356,288,288,78,72,68,89856
moving9,b_n160,160,5bb4aa50b2ce6a14e7cdaff7af3c1055de76885327feb6d762a1fac585419019,516ec476b9e4c06ff6e1e62079e2a5b2bb79045ed0f04a96ca1336253bc24a5d,4fd1d54a6fa8ba101085ae20d70a99609f4fdb6378e7e602b98e45d8752db32c,352,248,248,78,62,104,89856
moving9,home,192,118be0894887fa965204845c3b689c46482538177b504c80e7306cfa2921f7da,516ec476b9e4c06ff6e1e62079e2a5b2bb79045ed0f04a96ca1336253bc24a5d,a00d891c6cdf57b9376ac3d5160d5df11188c0db1f1827fcc7e8d02ada0df1f9,352,352,352,78,88,0,89856
moving9,k2,192,4cb812d06bfdde84ba85d843190d2ada694f0ecd48c6832d35d984ace11b9296,516ec476b9e4c06ff6e1e62079e2a5b2bb79045ed0f04a96ca1336253bc24a5d,da61948185fbf146d4f26eda6a1ac0c3755879f30dedc8dc2a6dd238826a4579,352,352,352,78,88,0,89856
moving9,wide,192,94321a975c70ac8fbf00a5330e11c4fbed779a1ae0de6bae5c284b7757c5a8d6,516ec476b9e4c06ff6e1e62079e2a5b2bb79045ed0f04a96ca1336253bc24a5d,94e26c09aedc48dc245ef52c6b93e2db3d83c924af8208378fa48073228e927b,352,196,196,78,49,156,89856
moving9,a_cfg,192,97338ceb5da9c1eccf3f675edc8ff4652e0513ec06c3b73c5688e834f82d6e4c,516ec476b9e4c06ff6e1e62079e2a5b2bb79045ed0f04a96ca1336253bc24a5d,4fd1d54a6fa8ba101085ae20d70a99609f4fdb6378e7e602b98e45d8752db32c,352,248,248,78,62,104,89856
moving9,b_cfg,192,3b5455207e3dc5a2fd471306df55e19b6e9e80b19b2b1dc06484e8ce5fa4d83d,516ec476b9e4c06ff6e1e62079e2a5b2bb79045ed0f04a96ca1336253bc24a5d,41d3cde167c60156c95b6f96bca643b7c20b517280a6e5a7f4e27dabfb20e438,352,232,232,78,58,120,89856
moving9,a_n128,192,cc3a15127a85986b0ab66bcd361787cd5e11f85c8371f20fa24e2d25d6ed3a99,516ec476b9e4c06ff6e1e62079e2a5b2bb79045ed0f04a96ca1336253bc24a5d,6fac263f997ba48b00f27b038cc72219dfbe360add7651c5227a557e49c38292,356,288,288,78,72,68,89856
moving9,b_n128,192,68645946d9c837c4518506a26fa7b6a1898405eec5a22d2190ee9fb1ab4bd060,516ec476b9e4c06ff6e1e62079e2a5b2bb79045ed0f04a96ca1336253bc24a5d,6fac263f997ba48b00f27b038cc72219dfbe360add7651c5227a557e49c38292,356,288,288,78,72,68,89856
moving9,b_n160,192,5bb4aa50b2ce6a14e7cdaff7af3c1055de76885327feb6d762a1fac585419019,516ec476b9e4c06ff6e1e62079e2a5b2bb79045ed0f04a96ca1336253bc24a5d,4fd1d54a6fa8ba101085ae20d70a99609f4fdb6378e7e602b98e45d8752db32c,352,248,248,78,62,104,89856
straggler9,home,128,118be0894887fa965204845c3b689c46482538177b504c80e7306cfa2921f7da,46ba17ba0f47593337eba0d388cd29a692ee8df09d394dbc0533f4404c5828ff,a00d891c6cdf57b9376ac3d5160d5df11188c0db1f1827fcc7e8d02ada0df1f9,354,354,354,312,354,0,29952
straggler9,k2,128,4cb812d06bfdde84ba85d843190d2ada694f0ecd48c6832d35d984ace11b9296,46ba17ba0f47593337eba0d388cd29a692ee8df09d394dbc0533f4404c5828ff,da61948185fbf146d4f26eda6a1ac0c3755879f30dedc8dc2a6dd238826a4579,275,274,274,156,274,1,29952
straggler9,wide,128,94321a975c70ac8fbf00a5330e11c4fbed779a1ae0de6bae5c284b7757c5a8d6,46ba17ba0f47593337eba0d388cd29a692ee8df09d394dbc0533f4404c5828ff,94e26c09aedc48dc245ef52c6b93e2db3d83c924af8208378fa48073228e927b,275,274,274,156,274,1,29952
straggler9,a_cfg,128,97338ceb5da9c1eccf3f675edc8ff4652e0513ec06c3b73c5688e834f82d6e4c,46ba17ba0f47593337eba0d388cd29a692ee8df09d394dbc0533f4404c5828ff,4fd1d54a6fa8ba101085ae20d70a99609f4fdb6378e7e602b98e45d8752db32c,319,300,300,208,300,19,29952
straggler9,b_cfg,128,3b5455207e3dc5a2fd471306df55e19b6e9e80b19b2b1dc06484e8ce5fa4d83d,46ba17ba0f47593337eba0d388cd29a692ee8df09d394dbc0533f4404c5828ff,41d3cde167c60156c95b6f96bca643b7c20b517280a6e5a7f4e27dabfb20e438,310,304,304,192,304,6,29952
straggler9,a_n128,128,cc3a15127a85986b0ab66bcd361787cd5e11f85c8371f20fa24e2d25d6ed3a99,46ba17ba0f47593337eba0d388cd29a692ee8df09d394dbc0533f4404c5828ff,6fac263f997ba48b00f27b038cc72219dfbe360add7651c5227a557e49c38292,292,292,292,250,292,0,29952
straggler9,b_n128,128,68645946d9c837c4518506a26fa7b6a1898405eec5a22d2190ee9fb1ab4bd060,46ba17ba0f47593337eba0d388cd29a692ee8df09d394dbc0533f4404c5828ff,6fac263f997ba48b00f27b038cc72219dfbe360add7651c5227a557e49c38292,292,292,292,250,292,0,29952
straggler9,b_n160,128,5bb4aa50b2ce6a14e7cdaff7af3c1055de76885327feb6d762a1fac585419019,46ba17ba0f47593337eba0d388cd29a692ee8df09d394dbc0533f4404c5828ff,4fd1d54a6fa8ba101085ae20d70a99609f4fdb6378e7e602b98e45d8752db32c,319,300,300,208,300,19,29952
straggler9,home,160,118be0894887fa965204845c3b689c46482538177b504c80e7306cfa2921f7da,46ba17ba0f47593337eba0d388cd29a692ee8df09d394dbc0533f4404c5828ff,a00d891c6cdf57b9376ac3d5160d5df11188c0db1f1827fcc7e8d02ada0df1f9,354,354,354,312,354,0,29952
straggler9,k2,160,4cb812d06bfdde84ba85d843190d2ada694f0ecd48c6832d35d984ace11b9296,46ba17ba0f47593337eba0d388cd29a692ee8df09d394dbc0533f4404c5828ff,da61948185fbf146d4f26eda6a1ac0c3755879f30dedc8dc2a6dd238826a4579,229,228,228,156,228,1,29952
straggler9,wide,160,94321a975c70ac8fbf00a5330e11c4fbed779a1ae0de6bae5c284b7757c5a8d6,46ba17ba0f47593337eba0d388cd29a692ee8df09d394dbc0533f4404c5828ff,94e26c09aedc48dc245ef52c6b93e2db3d83c924af8208378fa48073228e927b,229,228,228,156,228,1,29952
straggler9,a_cfg,160,97338ceb5da9c1eccf3f675edc8ff4652e0513ec06c3b73c5688e834f82d6e4c,46ba17ba0f47593337eba0d388cd29a692ee8df09d394dbc0533f4404c5828ff,4fd1d54a6fa8ba101085ae20d70a99609f4fdb6378e7e602b98e45d8752db32c,250,250,250,208,250,0,29952
straggler9,b_cfg,160,3b5455207e3dc5a2fd471306df55e19b6e9e80b19b2b1dc06484e8ce5fa4d83d,46ba17ba0f47593337eba0d388cd29a692ee8df09d394dbc0533f4404c5828ff,41d3cde167c60156c95b6f96bca643b7c20b517280a6e5a7f4e27dabfb20e438,265,252,252,192,252,13,29952
straggler9,a_n128,160,cc3a15127a85986b0ab66bcd361787cd5e11f85c8371f20fa24e2d25d6ed3a99,46ba17ba0f47593337eba0d388cd29a692ee8df09d394dbc0533f4404c5828ff,6fac263f997ba48b00f27b038cc72219dfbe360add7651c5227a557e49c38292,292,292,292,250,292,0,29952
straggler9,b_n128,160,68645946d9c837c4518506a26fa7b6a1898405eec5a22d2190ee9fb1ab4bd060,46ba17ba0f47593337eba0d388cd29a692ee8df09d394dbc0533f4404c5828ff,6fac263f997ba48b00f27b038cc72219dfbe360add7651c5227a557e49c38292,292,292,292,250,292,0,29952
straggler9,b_n160,160,5bb4aa50b2ce6a14e7cdaff7af3c1055de76885327feb6d762a1fac585419019,46ba17ba0f47593337eba0d388cd29a692ee8df09d394dbc0533f4404c5828ff,4fd1d54a6fa8ba101085ae20d70a99609f4fdb6378e7e602b98e45d8752db32c,250,250,250,208,250,0,29952
straggler9,home,192,118be0894887fa965204845c3b689c46482538177b504c80e7306cfa2921f7da,46ba17ba0f47593337eba0d388cd29a692ee8df09d394dbc0533f4404c5828ff,a00d891c6cdf57b9376ac3d5160d5df11188c0db1f1827fcc7e8d02ada0df1f9,354,354,354,312,354,0,29952
straggler9,k2,192,4cb812d06bfdde84ba85d843190d2ada694f0ecd48c6832d35d984ace11b9296,46ba17ba0f47593337eba0d388cd29a692ee8df09d394dbc0533f4404c5828ff,da61948185fbf146d4f26eda6a1ac0c3755879f30dedc8dc2a6dd238826a4579,198,198,198,156,198,0,29952
straggler9,wide,192,94321a975c70ac8fbf00a5330e11c4fbed779a1ae0de6bae5c284b7757c5a8d6,46ba17ba0f47593337eba0d388cd29a692ee8df09d394dbc0533f4404c5828ff,94e26c09aedc48dc245ef52c6b93e2db3d83c924af8208378fa48073228e927b,198,198,198,156,198,0,29952
straggler9,a_cfg,192,97338ceb5da9c1eccf3f675edc8ff4652e0513ec06c3b73c5688e834f82d6e4c,46ba17ba0f47593337eba0d388cd29a692ee8df09d394dbc0533f4404c5828ff,4fd1d54a6fa8ba101085ae20d70a99609f4fdb6378e7e602b98e45d8752db32c,250,250,250,208,250,0,29952
straggler9,b_cfg,192,3b5455207e3dc5a2fd471306df55e19b6e9e80b19b2b1dc06484e8ce5fa4d83d,46ba17ba0f47593337eba0d388cd29a692ee8df09d394dbc0533f4404c5828ff,41d3cde167c60156c95b6f96bca643b7c20b517280a6e5a7f4e27dabfb20e438,242,234,234,192,234,8,29952
straggler9,a_n128,192,cc3a15127a85986b0ab66bcd361787cd5e11f85c8371f20fa24e2d25d6ed3a99,46ba17ba0f47593337eba0d388cd29a692ee8df09d394dbc0533f4404c5828ff,6fac263f997ba48b00f27b038cc72219dfbe360add7651c5227a557e49c38292,292,292,292,250,292,0,29952
straggler9,b_n128,192,68645946d9c837c4518506a26fa7b6a1898405eec5a22d2190ee9fb1ab4bd060,46ba17ba0f47593337eba0d388cd29a692ee8df09d394dbc0533f4404c5828ff,6fac263f997ba48b00f27b038cc72219dfbe360add7651c5227a557e49c38292,292,292,292,250,292,0,29952
straggler9,b_n160,192,5bb4aa50b2ce6a14e7cdaff7af3c1055de76885327feb6d762a1fac585419019,46ba17ba0f47593337eba0d388cd29a692ee8df09d394dbc0533f4404c5828ff,4fd1d54a6fa8ba101085ae20d70a99609f4fdb6378e7e602b98e45d8752db32c,250,250,250,208,250,0,29952
short9,home,128,118be0894887fa965204845c3b689c46482538177b504c80e7306cfa2921f7da,d884a3312d567c2a9acf2465ac58a5d1e40c1bed85c9a05745f0fd92318a46b6,a00d891c6cdf57b9376ac3d5160d5df11188c0db1f1827fcc7e8d02ada0df1f9,4,4,4,2,4,0,576
short9,k2,128,4cb812d06bfdde84ba85d843190d2ada694f0ecd48c6832d35d984ace11b9296,d884a3312d567c2a9acf2465ac58a5d1e40c1bed85c9a05745f0fd92318a46b6,da61948185fbf146d4f26eda6a1ac0c3755879f30dedc8dc2a6dd238826a4579,4,4,4,2,4,0,576
short9,wide,128,94321a975c70ac8fbf00a5330e11c4fbed779a1ae0de6bae5c284b7757c5a8d6,d884a3312d567c2a9acf2465ac58a5d1e40c1bed85c9a05745f0fd92318a46b6,94e26c09aedc48dc245ef52c6b93e2db3d83c924af8208378fa48073228e927b,3,3,3,1,3,0,576
short9,a_cfg,128,97338ceb5da9c1eccf3f675edc8ff4652e0513ec06c3b73c5688e834f82d6e4c,d884a3312d567c2a9acf2465ac58a5d1e40c1bed85c9a05745f0fd92318a46b6,4fd1d54a6fa8ba101085ae20d70a99609f4fdb6378e7e602b98e45d8752db32c,4,4,4,2,4,0,576
short9,b_cfg,128,3b5455207e3dc5a2fd471306df55e19b6e9e80b19b2b1dc06484e8ce5fa4d83d,d884a3312d567c2a9acf2465ac58a5d1e40c1bed85c9a05745f0fd92318a46b6,41d3cde167c60156c95b6f96bca643b7c20b517280a6e5a7f4e27dabfb20e438,4,4,4,2,4,0,576
short9,a_n128,128,cc3a15127a85986b0ab66bcd361787cd5e11f85c8371f20fa24e2d25d6ed3a99,d884a3312d567c2a9acf2465ac58a5d1e40c1bed85c9a05745f0fd92318a46b6,6fac263f997ba48b00f27b038cc72219dfbe360add7651c5227a557e49c38292,4,4,4,2,4,0,576
short9,b_n128,128,68645946d9c837c4518506a26fa7b6a1898405eec5a22d2190ee9fb1ab4bd060,d884a3312d567c2a9acf2465ac58a5d1e40c1bed85c9a05745f0fd92318a46b6,6fac263f997ba48b00f27b038cc72219dfbe360add7651c5227a557e49c38292,4,4,4,2,4,0,576
short9,b_n160,128,5bb4aa50b2ce6a14e7cdaff7af3c1055de76885327feb6d762a1fac585419019,d884a3312d567c2a9acf2465ac58a5d1e40c1bed85c9a05745f0fd92318a46b6,4fd1d54a6fa8ba101085ae20d70a99609f4fdb6378e7e602b98e45d8752db32c,4,4,4,2,4,0,576
short9,home,160,118be0894887fa965204845c3b689c46482538177b504c80e7306cfa2921f7da,d884a3312d567c2a9acf2465ac58a5d1e40c1bed85c9a05745f0fd92318a46b6,a00d891c6cdf57b9376ac3d5160d5df11188c0db1f1827fcc7e8d02ada0df1f9,4,4,4,2,4,0,576
short9,k2,160,4cb812d06bfdde84ba85d843190d2ada694f0ecd48c6832d35d984ace11b9296,d884a3312d567c2a9acf2465ac58a5d1e40c1bed85c9a05745f0fd92318a46b6,da61948185fbf146d4f26eda6a1ac0c3755879f30dedc8dc2a6dd238826a4579,4,4,4,2,4,0,576
short9,wide,160,94321a975c70ac8fbf00a5330e11c4fbed779a1ae0de6bae5c284b7757c5a8d6,d884a3312d567c2a9acf2465ac58a5d1e40c1bed85c9a05745f0fd92318a46b6,94e26c09aedc48dc245ef52c6b93e2db3d83c924af8208378fa48073228e927b,3,3,3,1,3,0,576
short9,a_cfg,160,97338ceb5da9c1eccf3f675edc8ff4652e0513ec06c3b73c5688e834f82d6e4c,d884a3312d567c2a9acf2465ac58a5d1e40c1bed85c9a05745f0fd92318a46b6,4fd1d54a6fa8ba101085ae20d70a99609f4fdb6378e7e602b98e45d8752db32c,4,4,4,2,4,0,576
short9,b_cfg,160,3b5455207e3dc5a2fd471306df55e19b6e9e80b19b2b1dc06484e8ce5fa4d83d,d884a3312d567c2a9acf2465ac58a5d1e40c1bed85c9a05745f0fd92318a46b6,41d3cde167c60156c95b6f96bca643b7c20b517280a6e5a7f4e27dabfb20e438,4,4,4,2,4,0,576
short9,a_n128,160,cc3a15127a85986b0ab66bcd361787cd5e11f85c8371f20fa24e2d25d6ed3a99,d884a3312d567c2a9acf2465ac58a5d1e40c1bed85c9a05745f0fd92318a46b6,6fac263f997ba48b00f27b038cc72219dfbe360add7651c5227a557e49c38292,4,4,4,2,4,0,576
short9,b_n128,160,68645946d9c837c4518506a26fa7b6a1898405eec5a22d2190ee9fb1ab4bd060,d884a3312d567c2a9acf2465ac58a5d1e40c1bed85c9a05745f0fd92318a46b6,6fac263f997ba48b00f27b038cc72219dfbe360add7651c5227a557e49c38292,4,4,4,2,4,0,576
short9,b_n160,160,5bb4aa50b2ce6a14e7cdaff7af3c1055de76885327feb6d762a1fac585419019,d884a3312d567c2a9acf2465ac58a5d1e40c1bed85c9a05745f0fd92318a46b6,4fd1d54a6fa8ba101085ae20d70a99609f4fdb6378e7e602b98e45d8752db32c,4,4,4,2,4,0,576
short9,home,192,118be0894887fa965204845c3b689c46482538177b504c80e7306cfa2921f7da,d884a3312d567c2a9acf2465ac58a5d1e40c1bed85c9a05745f0fd92318a46b6,a00d891c6cdf57b9376ac3d5160d5df11188c0db1f1827fcc7e8d02ada0df1f9,4,4,4,2,4,0,576
short9,k2,192,4cb812d06bfdde84ba85d843190d2ada694f0ecd48c6832d35d984ace11b9296,d884a3312d567c2a9acf2465ac58a5d1e40c1bed85c9a05745f0fd92318a46b6,da61948185fbf146d4f26eda6a1ac0c3755879f30dedc8dc2a6dd238826a4579,4,4,4,2,4,0,576
short9,wide,192,94321a975c70ac8fbf00a5330e11c4fbed779a1ae0de6bae5c284b7757c5a8d6,d884a3312d567c2a9acf2465ac58a5d1e40c1bed85c9a05745f0fd92318a46b6,94e26c09aedc48dc245ef52c6b93e2db3d83c924af8208378fa48073228e927b,3,3,3,1,3,0,576
short9,a_cfg,192,97338ceb5da9c1eccf3f675edc8ff4652e0513ec06c3b73c5688e834f82d6e4c,d884a3312d567c2a9acf2465ac58a5d1e40c1bed85c9a05745f0fd92318a46b6,4fd1d54a6fa8ba101085ae20d70a99609f4fdb6378e7e602b98e45d8752db32c,4,4,4,2,4,0,576
short9,b_cfg,192,3b5455207e3dc5a2fd471306df55e19b6e9e80b19b2b1dc06484e8ce5fa4d83d,d884a3312d567c2a9acf2465ac58a5d1e40c1bed85c9a05745f0fd92318a46b6,41d3cde167c60156c95b6f96bca643b7c20b517280a6e5a7f4e27dabfb20e438,4,4,4,2,4,0,576
short9,a_n128,192,cc3a15127a85986b0ab66bcd361787cd5e11f85c8371f20fa24e2d25d6ed3a99,d884a3312d567c2a9acf2465ac58a5d1e40c1bed85c9a05745f0fd92318a46b6,6fac263f997ba48b00f27b038cc72219dfbe360add7651c5227a557e49c38292,4,4,4,2,4,0,576
short9,b_n128,192,68645946d9c837c4518506a26fa7b6a1898405eec5a22d2190ee9fb1ab4bd060,d884a3312d567c2a9acf2465ac58a5d1e40c1bed85c9a05745f0fd92318a46b6,6fac263f997ba48b00f27b038cc72219dfbe360add7651c5227a557e49c38292,4,4,4,2,4,0,576
short9,b_n160,192,5bb4aa50b2ce6a14e7cdaff7af3c1055de76885327feb6d762a1fac585419019,d884a3312d567c2a9acf2465ac58a5d1e40c1bed85c9a05745f0fd92318a46b6,4fd1d54a6fa8ba101085ae20d70a99609f4fdb6378e7e602b98e45d8752db32c,4,4,4,2,4,0,576
