workload,target_tb_s,structure,design,actual_tb_s,export_lane_bits,endpoint_storage_bits,access_wire_bit_mm
random9,1.0,home,home_h256s0_d00_direct,1.0,8192,8192,120832.0
random9,1.1,k2,k2_23_h256s96_d11_buffered,1.1092436974789917,11264,16384,166105.6
random9,1.1,k2,k2_14_h256s96_d11_buffered,1.1092436974789917,11264,16384,166105.6
random9,1.1,k2,k2_1234_h256s256_d00_direct,1.1862108479755538,16384,8192,214681.59999999992
random9,1.25,k2,k2_23_h256s224_d12_buffered,1.2867647058823528,15360,24576,226470.4000000001
random9,1.25,k2,k2_23_h256s256_d00_direct,1.3277310924369747,16384,8192,241561.59999999986
random9,1.25,k2,k2_14_h256s224_d12_buffered,1.2867647058823528,15360,24576,226470.4000000001
random9,1.25,k2,k2_14_h256s256_d00_direct,1.3277310924369747,16384,8192,241561.5999999999
random9,1.25,k3,k3_23_random9_maxweight_h256s96_d11_buffered,1.2571428571428571,14336,24576,253331.1999999997
random9,1.3,k2,k2_23_h256s256_d00_direct,1.3277310924369747,16384,8192,241561.59999999986
random9,1.3,k2,k2_14_h256s256_d00_direct,1.3277310924369747,16384,8192,241561.5999999999
random9,1.4,k3,k3_23_random9_maxweight_h160s256_d21_buffered,1.4821428571428572,21504,32768,428851.1999999995
random9,1.4,k3,k3_23_random9_maxweight_h256s160_d12_buffered,1.4821428571428572,18432,40960,341664.0
random9,1.4,k3,k3_23_random9_maxweight_h256s256_d00_direct,1.7714285714285714,24576,8192,474163.1999999995
random9,1.4,k3,k3_14_random9_maxweight_h256s160_d12_buffered,1.4017857142857142,18432,40960,341664.0
random9,1.4,k3,k3_14_random9_maxweight_h256s256_d00_direct,1.6428571428571428,24576,8192,474163.1999999995
random9,1.5,k3,k3_23_random9_maxweight_h192s256_d21_buffered,1.5785714285714287,22528,32768,443955.1999999995
random9,1.5,k3,k3_23_random9_maxweight_h256s192_d12_buffered,1.5785714285714287,20480,40960,385830.3999999998
random9,1.5,k3,k3_23_random9_maxweight_h256s256_d00_direct,1.7714285714285714,24576,8192,474163.1999999995
random9,1.5,k3,k3_14_random9_maxweight_h256s256_d00_direct,1.6428571428571428,24576,8192,474163.1999999995
random9,1.75,k3,k3_23_random9_maxweight_h256s256_d00_direct,1.7714285714285714,24576,8192,474163.1999999995
clustered9,1.0,home,home_h256s0_d00_direct,1.0,8192,8192,120832.0
clustered9,1.1,k3,k3_23_clustered9_maxweight_h256s256_d00_direct,1.3472222222222223,24576,8192,474163.1999999995
clustered9,1.1,k3,k3_23_clustered9_maxcard_h256s256_d00_direct,1.3333333333333333,24576,8192,474163.1999999995
clustered9,1.1,k3,k3_14_clustered9_maxweight_h256s64_d11_buffered,1.1180555555555556,12288,24576,209164.80000000016
clustered9,1.1,k3,k3_14_clustered9_maxweight_h256s256_d00_direct,1.4722222222222223,24576,8192,474163.1999999995
clustered9,1.25,k3,k3_23_clustered9_maxweight_h256s256_d00_direct,1.3472222222222223,24576,8192,474163.1999999995
clustered9,1.25,k3,k3_23_clustered9_maxcard_h192s256_d21_buffered,1.25,22528,32768,443955.1999999995
clustered9,1.25,k3,k3_23_clustered9_maxcard_h256s256_d00_direct,1.3333333333333333,24576,8192,474163.1999999995
clustered9,1.25,k3,k3_14_clustered9_maxweight_h256s160_d12_buffered,1.2951388888888888,18432,40960,341664.0
clustered9,1.25,k3,k3_14_clustered9_maxweight_h256s256_d00_direct,1.4722222222222223,24576,8192,474163.1999999995
clustered9,1.3,k3,k3_23_clustered9_maxweight_h256s256_d00_direct,1.3472222222222223,24576,8192,474163.1999999995
clustered9,1.3,k3,k3_23_clustered9_maxcard_h256s256_d00_direct,1.3333333333333333,24576,8192,474163.1999999995
clustered9,1.3,k3,k3_14_clustered9_maxweight_h256s192_d12_buffered,1.3541666666666665,20480,40960,385830.3999999998
clustered9,1.3,k3,k3_14_clustered9_maxweight_h256s256_d00_direct,1.4722222222222223,24576,8192,474163.1999999995
clustered9,1.4,k3,k3_14_clustered9_maxweight_h256s224_d12_buffered,1.4131944444444444,22528,40960,429996.8000000005
clustered9,1.4,k3,k3_14_clustered9_maxweight_h256s256_d00_direct,1.4722222222222223,24576,8192,474163.1999999995
