workload,architecture,design,home_fraction,mean_tb_s,lane_bits,endpoint_storage_bits,wire_bit_mm,pipeline_bits,control_bits
random9,home,home_h256s0_d00_direct,1,1.0,8192,8192,120832.0,63488,96
random9,k2,k2_23_h256s32_d11_buffered,8/9,1.040966386554622,9216,16384,135923.2000000001,71424,992
random9,k2,k2_23_h256s64_d11_buffered,4/5,1.0819327731092436,10240,16384,151014.39999999997,79360,576
random9,k2,k2_23_h256s96_d11_buffered,3/4,1.1092436974789917,11264,16384,166105.6,87296,448
random9,k2,k2_23_h256s96_d12_buffered,8/11,1.1228991596638656,11264,24576,166105.6,87296,1184
random9,k2,k2_23_h256s128_d11_buffered,2/3,1.1638655462184875,12288,16384,181196.79999999987,95232,352
random9,k2,k2_23_h256s160_d12_buffered,8/13,1.2048319327731092,13312,24576,196288.0,103168,1376
random9,k2,k2_23_h256s192_d12_buffered,4/7,1.245798319327731,14336,24576,211379.20000000013,111104,768
random9,k2,k2_23_h256s224_d12_buffered,8/15,1.2867647058823528,15360,24576,226470.4000000001,119040,1568
random9,k2,k2_23_h256s256_d00_direct,1/2,1.3277310924369747,16384,8192,241561.59999999986,126976,224
random9,k2,k2_14_h256s32_d11_buffered,8/9,1.040966386554622,9216,16384,135923.2000000001,71424,992
random9,k2,k2_14_h256s64_d11_buffered,4/5,1.0819327731092436,10240,16384,151014.39999999997,79360,576
random9,k2,k2_14_h256s96_d11_buffered,3/4,1.1092436974789917,11264,16384,166105.6,87296,448
random9,k2,k2_14_h256s96_d12_buffered,8/11,1.1228991596638656,11264,24576,166105.6,87296,1184
random9,k2,k2_14_h256s128_d11_buffered,2/3,1.1638655462184875,12288,16384,181196.79999999987,95232,352
random9,k2,k2_14_h256s160_d12_buffered,8/13,1.2048319327731092,13312,24576,196288.0,103168,1376
random9,k2,k2_14_h256s192_d12_buffered,4/7,1.245798319327731,14336,24576,211379.20000000013,111104,768
random9,k2,k2_14_h256s224_d12_buffered,8/15,1.2867647058823528,15360,24576,226470.4000000001,119040,1568
random9,k2,k2_14_h256s256_d00_direct,1/2,1.3277310924369747,16384,8192,241561.5999999999,126976,224
random9,k2,k2_1234_h256s32_d11_buffered,8/9,1.0232763559969442,9216,16384,132563.2000000001,69632,992
random9,k2,k2_1234_h256s64_d11_buffered,4/5,1.0465527119938884,10240,16384,144294.39999999997,75776,576
random9,k2,k2_1234_h256s256_d00_direct,1/2,1.1862108479755538,16384,8192,214681.59999999992,112640,224
random9,k3,k3_23_random9_maxweight_h160s256_d21_buffered,5/13,1.4821428571428572,21504,32768,428851.1999999995,224512,1376
random9,k3,k3_23_random9_maxweight_h192s256_d21_buffered,3/7,1.5785714285714287,22528,32768,443955.1999999995,232448,768
random9,k3,k3_23_random9_maxweight_h224s128_d21_buffered,7/11,1.2892857142857144,15360,32768,282393.59999999986,147968,1184
random9,k3,k3_23_random9_maxweight_h224s256_d21_buffered,7/15,1.675,23552,32768,459059.1999999995,240384,1568
random9,k3,k3_23_random9_maxweight_h256s32_d11_buffered,8/9,1.0964285714285715,10240,24576,164998.40000000023,86592,992
random9,k3,k3_23_random9_maxweight_h256s64_d11_buffered,4/5,1.1928571428571428,12288,24576,209164.80000000016,109696,576
random9,k3,k3_23_random9_maxweight_h256s96_d11_buffered,3/4,1.2571428571428571,14336,24576,253331.1999999997,132800,448
random9,k3,k3_23_random9_maxweight_h256s96_d12_buffered,8/11,1.2892857142857144,14336,40960,253331.1999999997,132800,1184
random9,k3,k3_23_random9_maxweight_h256s128_d11_buffered,2/3,1.3857142857142857,16384,24576,297497.59999999986,155904,352
random9,k3,k3_23_random9_maxweight_h256s160_d12_buffered,8/13,1.4821428571428572,18432,40960,341664.0,179008,1376
random9,k3,k3_23_random9_maxweight_h256s192_d12_buffered,4/7,1.5785714285714287,20480,40960,385830.3999999998,202112,768
random9,k3,k3_23_random9_maxweight_h256s224_d12_buffered,8/15,1.675,22528,40960,429996.8000000005,225216,1568
random9,k3,k3_23_random9_maxweight_h256s256_d00_direct,1/2,1.7714285714285714,24576,8192,474163.1999999995,248320,224
clustered9,home,home_h256s0_d00_direct,1,1.0,8192,8192,120832.0,63488,96
clustered9,k2,k2_23_h256s32_d11_buffered,8/9,1.0104166666666667,9216,16384,135923.2000000001,71424,992
clustered9,k2,k2_23_h256s64_d11_buffered,4/5,1.0208333333333333,10240,16384,151014.39999999997,79360,576
clustered9,k2,k2_23_h256s96_d11_buffered,3/4,1.0277777777777777,11264,16384,166105.6,87296,448
clustered9,k2,k2_23_h256s128_d11_buffered,2/3,1.0416666666666667,12288,16384,181196.79999999987,95232,352
clustered9,k2,k2_23_h256s256_d00_direct,1/2,1.0833333333333333,16384,8192,241561.59999999986,126976,224
clustered9,k3,k3_23_clustered9_maxcard_h192s256_d21_buffered,3/7,1.25,22528,32768,443955.1999999995,232448,768
clustered9,k3,k3_23_clustered9_maxcard_h224s256_d21_buffered,7/15,1.2916666666666665,23552,32768,459059.1999999995,240384,1568
clustered9,k3,k3_14_clustered9_maxweight_h256s32_d11_buffered,8/9,1.0590277777777777,10240,24576,164998.40000000023,86592,992
clustered9,k3,k3_14_clustered9_maxweight_h256s64_d11_buffered,4/5,1.1180555555555556,12288,24576,209164.80000000016,109696,576
clustered9,k3,k3_14_clustered9_maxweight_h256s96_d11_buffered,3/4,1.1574074074074074,14336,24576,253331.19999999972,132800,448
clustered9,k3,k3_14_clustered9_maxweight_h256s96_d12_buffered,8/11,1.1770833333333333,14336,40960,253331.19999999972,132800,1184
clustered9,k3,k3_14_clustered9_maxweight_h256s128_d11_buffered,2/3,1.2361111111111112,16384,24576,297497.59999999986,155904,352
clustered9,k3,k3_14_clustered9_maxweight_h256s160_d12_buffered,8/13,1.2951388888888888,18432,40960,341664.0,179008,1376
clustered9,k3,k3_14_clustered9_maxweight_h256s192_d12_buffered,4/7,1.3541666666666665,20480,40960,385830.3999999998,202112,768
clustered9,k3,k3_14_clustered9_maxweight_h256s224_d12_buffered,8/15,1.4131944444444444,22528,40960,429996.8000000005,225216,1568
clustered9,k3,k3_14_clustered9_maxweight_h256s256_d00_direct,1/2,1.4722222222222223,24576,8192,474163.1999999995,248320,224
