width,depth,direction,pattern,cycles,accepted,received_home,received_left,received_right,source_stall_cycles,hb_stall_port_cycles,rx_stall_port_cycles,bitperfect,cycle_equivalent
160,2,0,home,10402,10400,10400,0,0,0,0,0,True,True
160,2,0,shared,16642,10400,0,10400,0,6238,0,0,True,True
160,2,0,mixed,10402,10400,6400,4000,0,0,0,0,True,True
160,2,0,bursty,20794,10400,6400,4000,0,0,0,0,True,True
160,2,0,stalls,13514,10400,6400,4000,0,516,3206,5612,True,True
160,2,0,long_stall,18828,10400,6400,4000,0,8426,8513,8532,True,True
160,2,0,tail,30,17,0,17,0,8,0,0,True,True
160,2,1,home,10402,10400,10400,0,0,0,0,0,True,True
160,2,1,shared,16642,10400,0,0,10400,6238,0,0,True,True
160,2,1,mixed,10402,10400,6400,0,4000,0,0,0,True,True
160,2,1,bursty,20794,10400,6400,0,4000,0,0,0,True,True
160,2,1,stalls,13500,10400,6400,0,4000,502,3348,5739,True,True
160,2,1,long_stall,18828,10400,6400,0,4000,8426,8513,8532,True,True
160,2,1,tail,30,17,0,0,17,8,0,0,True,True
128,1,0,shared,20802,10400,0,10400,0,10399,0,0,True,True
128,1,0,stalls,13818,10400,6933,3467,0,826,3082,5643,True,True
128,1,0,tail,36,17,0,17,0,16,0,0,True,True
192,1,0,shared,20802,10400,0,10400,0,10399,0,0,True,True
192,1,0,stalls,13978,10400,5942,4458,0,1016,3133,5684,True,True
192,1,0,tail,36,17,0,17,0,16,0,0,True,True
192,2,0,shared,13869,10400,0,10400,0,3465,0,0,True,True
192,2,0,stalls,13329,10400,5942,4458,0,363,3247,5659,True,True
192,2,0,tail,25,17,0,17,0,4,0,0,True,True
256,1,0,shared,10402,10400,0,10400,0,0,0,0,True,True
256,1,0,stalls,13233,10400,5200,5200,0,165,2002,5709,True,True
256,1,0,tail,19,17,0,17,0,0,0,0,True,True
