case,label,design_slots,same_owner_home_slots,modulo_home_slots,speedup_same_owner_home,speedup_modulo_home,posthoc_best_of_two_home_slots,speedup_posthoc_home_diagnostic,lane_bits,tx_rx_payload_proxy_bits,wire_bit_mm,complete_path_area_um2,application_speedup
h0_b1,a_n128,33190,36878,18439,1.1111178065682434,0.5555589032841217,18439,0.5555589032841217,16384,65536,297497.59999999986,,
h0_b1,b_cfg,30260,36878,18439,1.2187045604758757,0.6093522802379379,18439,0.6093522802379379,18432,73728,341664.0,,
h0_b1,home,36878,36878,18439,1.0,0.5,18439,0.5,8192,24576,120832.0,,
h0_b1,k2,27659,36878,18439,1.3333092302686287,0.6666546151343143,18439,0.6666546151343143,16384,40960,241561.59999999986,,
h0_b1,wide,27661,36878,18439,1.3332128267235457,0.6666064133617728,18439,0.6666064133617728,24576,57344,474163.1999999995,,
h0_b1,c_n192,30294,36878,18439,1.2173367663563741,0.6086683831781871,18439,0.6086683831781871,20480,73728,385830.3999999998,,
h0_b1,b_cfg_rx3,29787,36878,18439,1.2380568704468393,0.6190284352234197,18439,0.6190284352234197,18432,98304,341664.0,,
h0_b1,c_n192_rx3,28977,36878,18439,1.2726645270386858,0.6363322635193429,18439,0.6363322635193429,20480,98304,385830.3999999998,,
h0_b4,b_cfg,48699,55317,36878,1.1358960142918746,0.7572640095279164,36878,0.7572640095279164,18432,73728,341664.0,,
h0_b4,c_n192,48734,55317,36878,1.135080231460582,0.7567201543070546,36878,0.7567201543070546,20480,73728,385830.3999999998,,
h0_b4,home,55317,55317,36878,1.0,0.6666666666666666,36878,0.6666666666666666,8192,24576,120832.0,,
h0_b4,k2,55317,55317,36878,1.0,0.6666666666666666,36878,0.6666666666666666,16384,40960,241561.59999999986,,
h0_b4,wide,46099,55317,36878,1.1999609535998612,0.7999739690665741,36878,0.7999739690665741,24576,57344,474163.1999999995,,
h0_b4,b_cfg_rx3,48226,55317,36878,1.1470368680794591,0.7646912453863062,36878,0.7646912453863062,18432,98304,341664.0,,
h0_b4,c_n192_rx3,47417,55317,36878,1.1666069131324208,0.7777379420882806,36878,0.7777379420882806,20480,98304,385830.3999999998,,
h0_b16,b_cfg,55317,55317,55317,1.0,1.0,55317,1.0,18432,73728,341664.0,,
h0_b16,c_n192,55319,55317,55317,0.9999638460565086,0.9999638460565086,55317,0.9999638460565086,20480,73728,385830.3999999998,,
h0_b16,home,55317,55317,55317,1.0,1.0,55317,1.0,8192,24576,120832.0,,
h0_b16,k2,55317,55317,55317,1.0,1.0,55317,1.0,16384,40960,241561.59999999986,,
h0_b16,wide,55318,55317,55317,0.9999819227014715,0.9999819227014715,55317,0.9999819227014715,24576,57344,474163.1999999995,,
h0_b16,b_cfg_rx3,55317,55317,55317,1.0,1.0,55317,1.0,18432,98304,341664.0,,
h0_b16,c_n192_rx3,55319,55317,55317,0.9999638460565086,0.9999638460565086,55317,0.9999638460565086,20480,98304,385830.3999999998,,
h1_b1,a_n128,18439,18439,18439,1.0,1.0,18439,1.0,16384,65536,297497.59999999986,,
h1_b1,b_cfg,18439,18439,18439,1.0,1.0,18439,1.0,18432,73728,341664.0,,
h1_b1,home,18439,18439,18439,1.0,1.0,18439,1.0,8192,24576,120832.0,,
h1_b1,k2,18439,18439,18439,1.0,1.0,18439,1.0,16384,40960,241561.59999999986,,
h1_b1,wide,18440,18439,18439,0.9999457700650759,0.9999457700650759,18439,0.9999457700650759,24576,57344,474163.1999999995,,
h1_b1,c_n192,18439,18439,18439,1.0,1.0,18439,1.0,20480,73728,385830.3999999998,,
h1_b1,b_cfg_rx3,18439,18439,18439,1.0,1.0,18439,1.0,18432,98304,341664.0,,
h1_b1,c_n192_rx3,18439,18439,18439,1.0,1.0,18439,1.0,20480,98304,385830.3999999998,,
h1_b4,b_cfg,30260,36878,55317,1.2187045604758757,1.8280568407138136,36878,1.2187045604758757,18432,73728,341664.0,,
h1_b4,c_n192,30294,36878,55317,1.2173367663563741,1.8260051495345613,36878,1.2173367663563741,20480,73728,385830.3999999998,,
h1_b4,home,36878,36878,55317,1.0,1.5,36878,1.0,8192,24576,120832.0,,
h1_b4,k2,36878,36878,55317,1.0,1.5,36878,1.0,16384,40960,241561.59999999986,,
h1_b4,wide,27661,36878,55317,1.3332128267235457,1.9998192400853188,36878,1.3332128267235457,24576,57344,474163.1999999995,,
h1_b4,b_cfg_rx3,29787,36878,55317,1.2380568704468393,1.8570853056702588,36878,1.2380568704468393,18432,98304,341664.0,,
h1_b4,c_n192_rx3,28977,36878,55317,1.2726645270386858,1.9089967905580287,36878,1.2726645270386858,20480,98304,385830.3999999998,,
h1_b16,b_cfg,55317,55317,73756,1.0,1.3333333333333333,55317,1.0,18432,73728,341664.0,,
h1_b16,c_n192,55319,55317,73756,0.9999638460565086,1.3332851280753448,55317,0.9999638460565086,20480,73728,385830.3999999998,,
h1_b16,home,55317,55317,73756,1.0,1.3333333333333333,55317,1.0,8192,24576,120832.0,,
h1_b16,k2,55317,55317,73756,1.0,1.3333333333333333,55317,1.0,16384,40960,241561.59999999986,,
h1_b16,wide,55318,55317,73756,0.9999819227014715,1.3333092302686287,55317,0.9999819227014715,24576,57344,474163.1999999995,,
h1_b16,b_cfg_rx3,55317,55317,73756,1.0,1.3333333333333333,55317,1.0,18432,98304,341664.0,,
h1_b16,c_n192_rx3,55319,55317,73756,0.9999638460565086,1.3332851280753448,55317,0.9999638460565086,20480,98304,385830.3999999998,,
h2_b1,a_n128,18439,18439,36878,1.0,2.0,18439,1.0,16384,65536,297497.59999999986,,
h2_b1,b_cfg,18439,18439,36878,1.0,2.0,18439,1.0,18432,73728,341664.0,,
h2_b1,home,18439,18439,36878,1.0,2.0,18439,1.0,8192,24576,120832.0,,
h2_b1,k2,18439,18439,36878,1.0,2.0,18439,1.0,16384,40960,241561.59999999986,,
h2_b1,wide,18440,18439,36878,0.9999457700650759,1.9998915401301518,18439,0.9999457700650759,24576,57344,474163.1999999995,,
h2_b1,c_n192,18439,18439,36878,1.0,2.0,18439,1.0,20480,73728,385830.3999999998,,
h2_b1,b_cfg_rx3,18439,18439,36878,1.0,2.0,18439,1.0,18432,98304,341664.0,,
h2_b1,c_n192_rx3,18439,18439,36878,1.0,2.0,18439,1.0,20480,98304,385830.3999999998,,
h2_b4,b_cfg,30260,36878,73756,1.2187045604758757,2.4374091209517514,36878,1.2187045604758757,18432,73728,341664.0,,
h2_b4,c_n192,30294,36878,73756,1.2173367663563741,2.4346735327127482,36878,1.2173367663563741,20480,73728,385830.3999999998,,
h2_b4,home,36878,36878,73756,1.0,2.0,36878,1.0,8192,24576,120832.0,,
h2_b4,k2,36878,36878,73756,1.0,2.0,36878,1.0,16384,40960,241561.59999999986,,
h2_b4,wide,27661,36878,73756,1.3332128267235457,2.6664256534470914,36878,1.3332128267235457,24576,57344,474163.1999999995,,
h2_b4,b_cfg_rx3,29787,36878,73756,1.2380568704468393,2.4761137408936786,36878,1.2380568704468393,18432,98304,341664.0,,
h2_b4,c_n192_rx3,28977,36878,73756,1.2726645270386858,2.5453290540773716,36878,1.2726645270386858,20480,98304,385830.3999999998,,
h2_b16,b_cfg,60520,73756,73756,1.2187045604758757,1.2187045604758757,73756,1.2187045604758757,18432,73728,341664.0,,
h2_b16,c_n192,60589,73756,73756,1.2173166746439124,1.2173166746439124,73756,1.2173166746439124,20480,73728,385830.3999999998,,
h2_b16,home,73756,73756,73756,1.0,1.0,73756,1.0,8192,24576,120832.0,,
h2_b16,k2,73756,73756,73756,1.0,1.0,73756,1.0,16384,40960,241561.59999999986,,
h2_b16,wide,55321,73756,73756,1.3332369263028507,1.3332369263028507,73756,1.3332369263028507,24576,57344,474163.1999999995,,
h2_b16,b_cfg_rx3,59574,73756,73756,1.2380568704468393,1.2380568704468393,73756,1.2380568704468393,18432,98304,341664.0,,
h2_b16,c_n192_rx3,57955,73756,73756,1.2726425675092745,1.2726425675092745,73756,1.2726425675092745,20480,98304,385830.3999999998,,
