case,label,deadline_slots,status,minimum_window,first_not_excluded_by_bound,independent_completion_lower_bound
dispersed9,home,88,minimum_certified,96,94,88
dispersed9,home,77,impossible_by_resource_bound,,,88
dispersed9,home,60,impossible_by_resource_bound,,,88
clustered9,home,88,minimum_certified,96,94,88
full36,home,88,minimum_certified,96,94,88
dispersed9,k2,88,minimum_certified,96,94,88
dispersed9,k2,77,impossible_by_resource_bound,,,88
dispersed9,k2,60,impossible_by_resource_bound,,,88
clustered9,k2,88,minimum_certified,109,94,88
full36,k2,88,minimum_certified,112,94,88
dispersed9,wide,88,minimum_certified,96,94,49
dispersed9,wide,77,minimum_certified,111,109,49
dispersed9,wide,60,minimum_certified,148,144,49
dispersed9,wide,49,minimum_certified,192,183,49
clustered9,wide,88,minimum_certified,128,94,49
full36,wide,88,minimum_certified,128,94,49
dispersed9,a_dup,88,minimum_certified,110,104,62
dispersed9,a_dup,77,minimum_certified,130,121,62
dispersed9,a_dup,62,minimum_certified,160,155,62
dispersed9,a_dup,60,impossible_by_resource_bound,,,62
clustered9,a_dup,88,minimum_certified,160,104,62
full36,a_dup,88,minimum_certified,160,104,62
dispersed9,b_dup,88,minimum_certified,109,106,58
dispersed9,b_dup,77,minimum_certified,128,123,58
dispersed9,b_dup,60,minimum_certified,192,163,58
clustered9,b_dup,88,minimum_certified,160,106,58
full36,b_dup,88,minimum_certified,160,106,58
