case,label,window,archived_128_makespan,makespan_slots
single,home,96,88,88
dispersed9,home,96,88,88
clustered9,home,96,88,88
full36,home,96,88,88
moving9,home,96,352,352
straggler9,home,96,354,354
short9,home,96,4,4
single,k2,112,68,77
dispersed9,k2,112,88,88
clustered9,k2,112,88,88
full36,k2,112,88,88
moving9,k2,112,352,352
straggler9,k2,112,275,310
short9,k2,112,4,4
single,wide,192,68,49
dispersed9,wide,192,68,49
clustered9,wide,192,88,88
full36,wide,192,88,88
moving9,wide,192,352,352
straggler9,wide,192,275,198
short9,wide,192,3,3
single,a_dup,160,79,62
single,a_cfg,160,79,62
dispersed9,a_dup,160,79,62
dispersed9,a_cfg,160,79,62
clustered9,a_dup,160,89,88
clustered9,a_cfg,160,89,88
full36,a_dup,160,89,88
full36,a_cfg,160,89,88
moving9,a_dup,160,356,352
moving9,a_cfg,160,356,352
straggler9,a_dup,160,319,250
straggler9,a_cfg,160,319,250
short9,a_dup,160,4,4
short9,a_cfg,160,4,4
single,b_dup,192,77,60
single,b_cfg,192,77,60
dispersed9,b_dup,192,77,60
dispersed9,b_cfg,192,77,60
clustered9,b_dup,192,89,88
clustered9,b_cfg,192,89,88
full36,b_dup,192,89,88
full36,b_cfg,192,89,88
moving9,b_dup,192,356,352
moving9,b_cfg,192,356,352
straggler9,b_dup,192,310,242
straggler9,b_cfg,192,310,242
short9,b_dup,192,4,4
short9,b_cfg,192,4,4
