case,batch,structure,marginal_slots,cohort_slots,same_hardware_speedup,time_reduction_percent,speedup_over_optimized_home,retained_optimized_wide_gain,logical_bytes,lower_slots
c0_b1,1,home,18439,18439,1.0,0.0,1.0,0.0,151031808,18439
c0_b1,1,k2,18439,18439,1.0,0.0,1.0,0.0,151031808,18439
c0_b1,1,wide,18440,9221,1.999783103784839,49.99457700650759,1.9996746556772584,1.0,151031808,9221
c0_b1,1,c,18439,10538,1.7497627633327006,42.849395303432935,1.7497627633327006,0.7500067737785672,151031808,10538
c0_b4,4,home,36878,36878,1.0,0.0,1.0,0.0,604127232,36878
c0_b4,4,k2,36878,36878,1.0,0.0,1.0,0.0,604127232,36878
c0_b4,4,wide,27660,27660,1.0,0.0,1.3332610267534346,1.0,604127232,27657
c0_b4,4,c,28977,28977,1.0,0.0,1.2726645270386858,0.8181710585691092,604127232,28972
c0_b16,16,home,55317,55317,1.0,0.0,1.0,,1472560128,55317
c0_b16,16,k2,55317,55317,1.0,0.0,1.0,,1472560128,55317
c0_b16,16,wide,55318,55318,1.0,0.0,0.9999819227014715,,1472560128,55314
c0_b16,16,c,55319,55319,1.0,0.0,0.9999638460565086,,1472560128,55311
c1_b1,1,home,18439,18439,1.0,0.0,1.0,,151031808,18439
c1_b1,1,k2,18439,18439,1.0,0.0,1.0,,151031808,18439
c1_b1,1,wide,18440,18440,1.0,0.0,0.9999457700650759,,151031808,18438
c1_b1,1,c,18439,18439,1.0,0.0,1.0,,151031808,18437
c1_b4,4,home,36878,36878,1.0,0.0,1.0,,585248256,36878
c1_b4,4,k2,36878,36878,1.0,0.0,1.0,,585248256,36878
c1_b4,4,wide,27661,36879,0.750047452479731,-33.32489787064821,0.9999728842972966,,585248256,36876
c1_b4,4,c,28977,28977,1.0,0.0,1.2726645270386858,,585248256,28972
c1_b16,16,home,55317,55317,1.0,0.0,1.0,,1264891392,55317
c1_b16,16,k2,55317,55317,1.0,0.0,1.0,,1264891392,55317
c1_b16,16,wide,55318,55318,1.0,0.0,0.9999819227014715,,1264891392,55314
c1_b16,16,c,55319,55319,1.0,0.0,0.9999638460565086,,1264891392,55311
c2_b1,1,home,18439,18439,1.0,0.0,1.0,0.0,151031808,18439
c2_b1,1,k2,18439,18439,1.0,0.0,1.0,0.0,151031808,18439
c2_b1,1,wide,18440,9221,1.999783103784839,49.99457700650759,1.9996746556772584,1.0,151031808,9221
c2_b1,1,c,18439,10538,1.7497627633327006,42.849395303432935,1.7497627633327006,0.7500067737785672,151031808,10538
c2_b4,4,home,55317,55317,1.0,0.0,1.0,0.0,547490304,55317
c2_b4,4,k2,55317,55317,1.0,0.0,1.0,0.0,547490304,55317
c2_b4,4,wide,27663,27660,1.0001084598698482,0.010844810758048329,1.9998915401301518,1.0,547490304,27657
c2_b4,4,c,31614,31614,1.0,0.0,1.7497627633327006,0.7498440913252522,547490304,31614
c2_b16,16,home,73756,73756,1.0,0.0,1.0,0.0,1529197056,73756
c2_b16,16,k2,73756,73756,1.0,0.0,1.0,0.0,1529197056,73756
c2_b16,16,wide,64539,55320,1.166648590021692,14.284386185097386,1.3332610267534346,1.0,1529197056,55314
c2_b16,16,c,65857,65857,1.0,0.0,1.1199416918474878,0.35990314563913134,1529197056,65846
